Area,Bedrooms,Bathrooms,Floors,Location,Condition,Garage,Price,Age
1360,5,4,3,Downtown,Excellent,No,149919,55
4272,5,4,3,Downtown,Excellent,No,424998,67
3592,2,2,3,Downtown,Good,No,266746,87
966,4,2,2,Suburban,Fair,Yes,244020,123
4926,1,4,2,Downtown,Fair,Yes,636056,50
3944,1,2,1,Urban,Poor,No,93262,119
3671,1,1,2,Rural,Poor,Yes,448722,77
3419,2,4,1,Suburban,Good,Yes,594893,100
630,2,2,1,Rural,Poor,Yes,652878,93
2185,3,3,1,Downtown,Poor,No,340375,25
1269,1,4,2,Suburban,Poor,Yes,653685,78
2891,4,4,3,Urban,Excellent,Yes,127123,47
2933,4,3,2,Downtown,Poor,No,849947,124
1684,1,1,1,Rural,Good,No,399355,21
3885,1,3,1,Urban,Fair,Yes,481838,55
4617,1,4,2,Downtown,Poor,No,853032,94
3404,2,1,1,Urban,Fair,Yes,208964,122
974,2,2,1,Downtown,Poor,Yes,905742,106
1582,2,2,2,Suburban,Good,No,989305,12
3058,5,2,2,Downtown,Excellent,No,218767,9
2547,4,4,2,Suburban,Good,Yes,996357,90
3247,4,3,1,Downtown,Excellent,No,709789,94
1475,3,1,1,Downtown,Poor,No,709966,98
2306,2,2,3,Rural,Poor,Yes,447694,49
689,5,1,3,Urban,Excellent,Yes,688668,125
3234,5,4,2,Urban,Good,Yes,527032,66
3505,4,2,3,Urban,Good,Yes,745494,70
2399,2,4,1,Downtown,Excellent,Yes,513179,91
1767,3,3,3,Downtown,Poor,Yes,948212,14
2028,2,4,1,Downtown,Excellent,No,206547,96
3702,1,4,2,Suburban,Poor,No,902609,72
4056,2,3,2,Suburban,Excellent,Yes,727090,90
4390,1,1,1,Rural,Poor,No,202185,5
1146,1,3,3,Downtown,Excellent,No,725371,71
3388,3,3,2,Urban,Fair,Yes,105746,37
2935,4,4,2,Urban,Poor,No,959507,46
1100,2,1,3,Rural,Good,No,748213,68
2863,1,2,3,Urban,Excellent,Yes,921627,43
2561,2,3,1,Rural,Good,No,873250,61
741,4,1,3,Downtown,Excellent,No,218393,57
2541,4,3,3,Urban,Good,Yes,333453,75
3324,5,3,3,Downtown,Good,No,986192,104
3112,4,3,1,Suburban,Excellent,No,340320,38
1863,3,3,1,Urban,Excellent,No,643167,19
1978,1,4,2,Suburban,Good,Yes,641880,17
3056,5,1,1,Urban,Good,Yes,396872,10
1275,3,1,2,Downtown,Good,No,270084,25
4514,2,1,3,Rural,Poor,No,976920,73
534,1,3,2,Downtown,Poor,Yes,771782,26
3652,4,4,2,Downtown,Fair,Yes,845016,90
2455,1,3,3,Downtown,Poor,No,698843,58
2085,2,3,2,Urban,Poor,Yes,405446,90
4443,5,1,1,Rural,Excellent,No,958840,74
3573,5,3,1,Suburban,Fair,No,593118,73
1521,5,2,1,Downtown,Fair,Yes,266897,44
3961,4,3,1,Urban,Poor,Yes,826522,76
3113,3,2,2,Suburban,Excellent,No,913498,46
4343,3,3,2,Downtown,Excellent,No,840023,85
2000,1,4,3,Suburban,Fair,Yes,143878,108
661,4,4,2,Downtown,Excellent,No,175407,104
4797,5,1,2,Suburban,Good,Yes,691157,60
2481,5,3,2,Suburban,Poor,Yes,307716,105
1495,2,2,3,Rural,Good,Yes,857827,26
3842,2,2,1,Rural,Fair,Yes,66738,82
4298,5,3,2,Downtown,Fair,Yes,183703,23
1775,5,2,3,Urban,Excellent,No,723265,79
1516,4,4,3,Rural,Excellent,Yes,593344,87
837,3,2,3,Suburban,Fair,Yes,815034,97
1378,2,1,1,Rural,Fair,Yes,560241,72
1576,3,4,2,Rural,Good,Yes,433800,36
4493,4,4,3,Downtown,Good,Yes,689604,41
879,5,4,1,Rural,Excellent,Yes,740807,109
992,3,3,3,Rural,Good,Yes,628706,46
2562,5,3,3,Suburban,Excellent,No,873622,66
4384,5,4,3,Rural,Excellent,No,76014,95
564,1,3,3,Suburban,Poor,No,778359,11
3068,3,2,3,Rural,Excellent,No,813277,53
2527,3,3,1,Rural,Good,Yes,231350,31
3195,5,3,2,Urban,Fair,No,961995,48
1995,4,4,2,Rural,Fair,Yes,838212,77
891,1,1,2,Suburban,Good,No,534859,25
4974,5,1,2,Suburban,Fair,No,764618,124
4061,2,1,1,Downtown,Excellent,Yes,540339,10
2778,2,2,1,Downtown,Fair,Yes,92192,78
3599,1,3,1,Urban,Good,No,941307,16
700,4,1,3,Suburban,Fair,No,411273,112
3604,5,4,3,Suburban,Excellent,No,93923,67
2954,3,1,3,Suburban,Excellent,No,663484,29
4145,1,1,2,Urban,Good,Yes,576683,27
1304,4,3,3,Suburban,Good,No,414593,68
3231,3,3,2,Downtown,Good,No,433891,23
3273,2,3,3,Urban,Poor,No,802744,68
2070,2,2,2,Downtown,Poor,No,458995,15
3190,3,2,3,Downtown,Excellent,No,645316,75
4340,1,1,3,Urban,Poor,Yes,997226,42
1528,2,3,1,Rural,Poor,Yes,450327,124
1002,5,1,3,Rural,Fair,Yes,816751,11
4993,3,4,3,Downtown,Poor,Yes,715344,85
1370,3,4,1,Rural,Fair,Yes,929608,43
4988,2,3,2,Suburban,Good,No,777688,3
706,1,3,1,Urban,Fair,Yes,305315,25
1984,5,4,1,Downtown,Fair,Yes,339068,44
1363,1,3,2,Suburban,Good,No,495919,110
3290,4,2,3,Rural,Good,Yes,344721,122
1063,4,2,2,Suburban,Excellent,Yes,188783,114
4691,2,3,3,Rural,Excellent,Yes,659836,97
2257,2,4,3,Downtown,Excellent,Yes,307288,119
2178,2,1,2,Suburban,Excellent,No,543085,112
3742,4,3,1,Urban,Fair,No,545187,7
1559,1,3,2,Downtown,Fair,Yes,699381,114
2222,1,1,3,Suburban,Excellent,No,285835,27
3814,2,3,2,Suburban,Poor,Yes,971600,121
3657,5,1,2,Rural,Excellent,No,902987,45
3125,1,4,3,Downtown,Poor,No,401992,4
3229,4,2,1,Downtown,Good,No,256084,20
2097,3,4,2,Downtown,Fair,No,844686,94
3560,3,2,3,Downtown,Fair,No,437554,52
3193,3,1,3,Rural,Poor,No,803315,83
4127,5,2,2,Urban,Excellent,No,520336,45
1863,2,4,1,Downtown,Fair,No,973469,57
2481,4,2,2,Rural,Poor,No,258072,81
2163,5,1,1,Urban,Good,No,298029,20
2029,4,2,1,Urban,Good,No,259047,117
2538,4,3,1,Rural,Fair,Yes,415169,77
3802,2,4,1,Downtown,Excellent,No,180509,93
2737,3,3,2,Urban,Poor,Yes,812072,26
1806,2,1,3,Downtown,Fair,No,345107,26
4529,5,2,3,Downtown,Good,Yes,577561,108
3175,5,3,3,Suburban,Excellent,Yes,589618,117
1782,5,3,3,Downtown,Poor,Yes,202566,64
1209,2,2,3,Suburban,Fair,No,650710,69
4913,4,2,3,Urban,Poor,No,958521,97
4248,4,4,2,Rural,Excellent,No,53212,12
1163,1,3,1,Suburban,Excellent,No,282131,48
2498,5,3,3,Rural,Good,Yes,526657,101
3945,4,1,2,Urban,Excellent,No,661882,111
4243,1,4,3,Downtown,Fair,No,182152,120
1995,4,1,3,Urban,Poor,No,344819,6
3804,5,3,1,Rural,Excellent,No,72007,84
4263,3,1,1,Urban,Excellent,No,688093,97
2353,5,3,1,Downtown,Fair,No,394785,47
1791,2,3,3,Urban,Poor,No,670103,33
4081,4,1,3,Downtown,Poor,No,883247,122
3957,4,1,3,Suburban,Good,Yes,919914,44
2136,2,2,1,Rural,Good,Yes,837071,12
4196,2,2,2,Downtown,Poor,No,375737,69
3499,3,2,3,Downtown,Fair,No,562164,77
3652,4,3,3,Urban,Fair,No,128038,82
1198,4,1,3,Suburban,Good,No,406043,23
2660,3,4,2,Downtown,Excellent,Yes,840168,46
4597,1,3,3,Suburban,Fair,Yes,827794,51
1354,3,4,2,Suburban,Excellent,No,66473,112
3974,5,1,3,Urban,Fair,Yes,703059,123
2207,4,3,2,Downtown,Poor,Yes,175801,11
3277,2,4,3,Urban,Good,No,944030,12
2233,5,4,1,Rural,Excellent,No,660911,64
4010,4,2,1,Rural,Excellent,No,558252,20
702,3,2,1,Downtown,Poor,Yes,275097,62
3755,5,2,1,Suburban,Fair,Yes,348964,24
4718,4,3,3,Downtown,Excellent,No,265933,81
4996,1,1,1,Downtown,Fair,No,369733,20
1266,1,1,2,Rural,Poor,Yes,771167,44
4889,2,2,1,Rural,Good,Yes,330558,68
2827,4,2,1,Suburban,Excellent,No,439522,106
3431,1,2,1,Suburban,Fair,Yes,74220,68
697,3,4,3,Downtown,Excellent,No,634819,14
2430,4,2,1,Urban,Fair,No,422146,37
4082,3,4,2,Downtown,Fair,Yes,557409,69
1108,3,1,1,Suburban,Fair,Yes,747785,24
3772,1,3,1,Urban,Poor,Yes,59387,49
1647,4,3,1,Rural,Good,No,295752,58
4782,5,3,2,Suburban,Excellent,No,651103,7
3897,1,3,1,Suburban,Good,No,601872,48
3011,1,4,2,Urban,Fair,No,619071,29
2294,4,4,2,Suburban,Fair,No,745169,34
1159,4,2,1,Suburban,Good,No,759687,74
3311,3,4,2,Suburban,Good,Yes,698782,89
1869,4,2,3,Suburban,Excellent,No,690102,118
2486,3,2,1,Suburban,Fair,No,300139,82
646,1,3,1,Suburban,Good,No,967184,28
3719,2,4,2,Suburban,Poor,No,550228,18
3411,5,4,2,Suburban,Fair,Yes,716217,121
2234,1,2,1,Rural,Fair,No,747621,8
2343,4,2,3,Suburban,Excellent,Yes,910020,57
988,5,1,2,Rural,Poor,Yes,984499,95
3476,2,1,2,Rural,Excellent,No,296509,81
2459,2,2,3,Downtown,Poor,No,63580,117
2885,3,1,3,Downtown,Excellent,Yes,592528,20
3419,5,1,1,Rural,Poor,Yes,828639,94
2302,3,2,3,Rural,Poor,No,395590,93
4561,1,2,1,Suburban,Poor,Yes,518968,59
3869,5,4,3,Downtown,Good,No,940965,96
762,1,2,2,Urban,Fair,No,828559,12
1123,3,2,1,Downtown,Poor,Yes,533663,50
1516,5,3,1,Rural,Good,No,478082,97
4143,3,4,1,Rural,Good,No,655262,123
2549,5,4,3,Suburban,Excellent,No,647689,36
4223,3,4,2,Suburban,Fair,Yes,263165,69
3608,2,3,1,Downtown,Fair,Yes,455427,96
4590,3,2,1,Suburban,Excellent,Yes,502201,117
2556,2,4,1,Urban,Fair,No,214340,100
3670,3,4,1,Urban,Excellent,Yes,840078,124
2182,5,1,2,Suburban,Good,Yes,760731,64
2755,5,4,3,Urban,Good,Yes,822411,123
1654,5,2,2,Urban,Poor,No,354960,80
4999,4,2,1,Downtown,Excellent,No,139460,58
3691,1,1,2,Urban,Good,Yes,356256,101
2196,5,4,1,Rural,Good,Yes,101048,75
4491,2,4,3,Rural,Excellent,Yes,780806,113
2148,5,4,3,Downtown,Good,No,182850,23
1945,4,3,3,Suburban,Fair,Yes,882184,82
4699,2,4,1,Downtown,Good,No,528193,91
4423,4,2,2,Suburban,Excellent,No,907158,71
753,2,2,3,Suburban,Fair,No,786200,39
3683,3,3,1,Suburban,Fair,Yes,994793,117
3057,1,3,1,Suburban,Good,Yes,356932,124
598,1,4,2,Suburban,Poor,No,316891,65
2700,4,1,3,Downtown,Fair,No,574333,8
3461,1,3,1,Suburban,Excellent,No,582046,85
4933,4,3,2,Urban,Poor,No,829685,82
4277,4,4,3,Urban,Poor,Yes,961508,62
3369,4,4,2,Suburban,Fair,Yes,728797,95
3734,1,3,2,Urban,Good,No,724945,18
4291,4,1,1,Rural,Poor,No,190926,79
1456,1,3,1,Downtown,Good,No,233148,124
4567,4,4,1,Downtown,Fair,Yes,893382,30
660,5,4,2,Suburban,Excellent,No,722709,44
4993,4,3,1,Suburban,Poor,Yes,801588,49
1800,2,1,2,Rural,Excellent,No,726708,16
4487,4,3,2,Suburban,Good,Yes,215368,57
2027,3,3,1,Urban,Good,Yes,544496,68
1718,4,4,3,Rural,Excellent,No,69455,20
4996,2,1,3,Urban,Fair,Yes,784184,82
3604,2,2,3,Downtown,Fair,Yes,515139,52
3235,1,1,2,Urban,Poor,Yes,281897,70
1454,5,3,2,Downtown,Poor,Yes,482509,83
3946,4,3,2,Urban,Fair,No,542646,37
1545,1,3,1,Downtown,Fair,No,662840,92
2193,5,1,2,Suburban,Excellent,No,882548,25
3936,4,4,1,Urban,Good,No,432605,96
1062,3,3,1,Downtown,Good,No,614772,55
2985,4,3,3,Urban,Poor,Yes,997719,56
3854,2,1,3,Rural,Fair,Yes,393782,8
725,2,2,3,Suburban,Excellent,Yes,708764,71
1459,3,2,1,Downtown,Poor,Yes,218332,59
3567,1,4,1,Rural,Excellent,No,150647,113
1315,5,4,1,Urban,Fair,No,639930,123
3620,4,3,2,Rural,Fair,Yes,786091,100
516,2,1,1,Urban,Fair,No,882441,69
1743,1,3,3,Suburban,Good,Yes,178824,102
2705,3,4,3,Rural,Fair,Yes,823202,73
3024,2,1,1,Suburban,Poor,No,866037,56
1569,3,1,1,Downtown,Good,No,685167,83
3944,4,4,3,Urban,Excellent,No,695115,66
3065,5,2,1,Urban,Poor,No,317724,68
1560,2,2,3,Suburban,Poor,No,951334,77
2827,2,1,2,Suburban,Excellent,No,317544,84
3920,4,3,3,Downtown,Good,No,745003,50
801,1,2,2,Rural,Poor,Yes,801545,13
4776,5,3,1,Urban,Poor,No,932464,26
1106,2,2,1,Urban,Poor,Yes,177319,60
3670,5,2,2,Downtown,Good,Yes,562193,115
1199,2,3,1,Downtown,Good,No,529389,23
1639,5,4,2,Suburban,Good,Yes,156960,28
690,3,2,1,Suburban,Poor,No,89015,36
2800,2,2,3,Rural,Fair,Yes,383857,108
1480,5,3,1,Downtown,Excellent,Yes,778165,41
3475,1,4,3,Rural,Fair,Yes,982478,26
1684,3,2,3,Downtown,Good,No,195109,22
3827,3,2,2,Urban,Poor,Yes,527508,74
3894,1,4,1,Downtown,Poor,Yes,836351,80
627,5,2,2,Downtown,Fair,Yes,983671,82
2565,4,4,1,Urban,Fair,No,138754,104
2316,1,4,3,Downtown,Excellent,Yes,271775,73
1069,5,3,3,Rural,Poor,No,355292,67
2395,1,1,1,Suburban,Fair,Yes,777513,32
3233,1,4,1,Suburban,Excellent,Yes,726894,12
4363,2,3,2,Rural,Good,Yes,796355,19
4514,5,1,1,Urban,Fair,No,959222,2
3401,4,2,1,Downtown,Good,Yes,922510,96
2186,2,1,1,Rural,Excellent,Yes,106879,118
3509,1,4,2,Suburban,Good,Yes,169894,28
654,1,4,1,Suburban,Poor,Yes,640127,69
3037,1,4,3,Rural,Poor,No,79756,15
1909,5,4,2,Suburban,Good,Yes,718043,53
4557,5,4,2,Rural,Poor,Yes,230557,11
1284,2,3,3,Suburban,Excellent,Yes,279303,106
3675,4,4,3,Rural,Poor,Yes,454241,22
4841,2,3,3,Downtown,Good,No,724075,101
3306,3,2,1,Downtown,Good,Yes,541599,107
1037,1,4,3,Downtown,Good,Yes,545283,121
2341,1,4,1,Downtown,Fair,No,667231,51
2955,1,1,2,Suburban,Good,Yes,792476,47
1024,2,2,2,Urban,Excellent,Yes,198188,54
3450,2,4,3,Rural,Poor,Yes,611032,43
4631,1,4,1,Urban,Poor,No,174697,39
4615,2,2,3,Suburban,Fair,Yes,530795,99
2868,5,3,3,Suburban,Fair,No,690360,86
4347,5,4,1,Urban,Excellent,No,445340,30
4995,2,1,3,Urban,Good,No,286028,100
3201,1,4,2,Suburban,Fair,No,743411,99
1471,2,1,3,Suburban,Poor,No,57176,64
1666,2,1,1,Rural,Fair,No,927742,43
3274,2,4,1,Downtown,Fair,No,826653,76
2482,3,4,2,Downtown,Good,Yes,508034,84
1353,5,1,1,Rural,Fair,Yes,563611,97
4646,4,2,1,Urban,Excellent,No,199748,87
4236,4,2,2,Suburban,Poor,No,95177,66
4269,3,4,3,Urban,Good,No,533512,85
1074,2,3,2,Downtown,Poor,No,160623,93
3761,3,2,3,Downtown,Excellent,No,575285,43
1648,3,4,2,Urban,Excellent,No,502546,25
2215,1,2,3,Downtown,Fair,Yes,546184,43
4354,5,3,2,Suburban,Fair,Yes,694467,29
2991,4,4,3,Rural,Fair,No,297439,15
3160,2,3,2,Urban,Poor,No,694691,110
3624,4,4,3,Suburban,Excellent,No,978735,103
3551,4,3,2,Suburban,Good,Yes,145287,119
504,5,2,1,Downtown,Fair,No,169574,100
1376,4,2,3,Suburban,Poor,Yes,830751,30
1491,4,3,2,Urban,Fair,Yes,171509,114
4642,3,3,3,Suburban,Excellent,Yes,397591,54
4864,5,3,3,Rural,Good,No,945954,121
4965,1,4,2,Suburban,Excellent,No,499181,20
1135,2,2,3,Suburban,Poor,Yes,393288,34
2193,4,4,2,Rural,Fair,Yes,822793,9
2182,2,2,1,Suburban,Excellent,Yes,242589,57
619,1,1,3,Suburban,Poor,Yes,929125,77
1330,2,4,1,Downtown,Fair,No,406459,100
4175,1,2,3,Urban,Good,Yes,538720,121
1869,3,2,3,Downtown,Excellent,No,863819,104
1240,4,4,3,Urban,Fair,Yes,54090,47
616,1,4,2,Rural,Fair,No,957278,113
3338,2,2,1,Rural,Fair,Yes,468161,98
1650,4,4,3,Rural,Fair,No,876671,93
2431,3,3,2,Urban,Excellent,No,53743,19
1512,4,4,3,Urban,Fair,No,80924,103
2164,1,4,2,Urban,Poor,Yes,191268,29
1581,3,4,3,Rural,Excellent,No,966592,19
1012,2,2,1,Urban,Fair,Yes,928247,108
3349,3,3,1,Suburban,Excellent,No,679600,12
1059,3,1,3,Downtown,Poor,No,381004,9
4172,5,1,2,Rural,Poor,Yes,790537,96
3843,3,3,3,Downtown,Excellent,No,798378,100
4570,3,3,2,Suburban,Fair,No,279602,110
1970,4,3,3,Urban,Fair,Yes,392543,49
1080,2,2,2,Downtown,Poor,No,885227,87
2794,4,1,1,Suburban,Fair,No,887985,93
3647,4,3,3,Suburban,Poor,No,558928,100
4749,1,2,1,Downtown,Fair,No,153976,78
2179,4,1,1,Rural,Poor,Yes,205183,61
4006,5,4,3,Downtown,Good,No,687854,13
3244,5,2,3,Rural,Fair,No,307443,88
3856,1,1,2,Urban,Fair,No,694256,124
4545,2,2,2,Rural,Fair,No,111600,13
1743,2,1,1,Urban,Excellent,No,624310,120
3618,4,1,2,Downtown,Fair,No,708559,80
2641,4,4,2,Urban,Excellent,No,887329,76
3559,4,2,3,Suburban,Excellent,No,874470,88
3459,2,3,2,Urban,Poor,Yes,173323,20
2765,3,4,1,Rural,Excellent,Yes,236110,38
2979,5,4,2,Rural,Excellent,Yes,694566,108
2135,3,1,1,Rural,Good,Yes,947486,99
2257,3,3,3,Urban,Fair,No,320041,85
4952,2,2,1,Rural,Excellent,No,638829,54
2570,3,3,2,Rural,Fair,Yes,156968,34
3349,1,3,3,Suburban,Excellent,Yes,589180,52
3751,4,3,2,Urban,Poor,Yes,975775,109
4230,1,3,3,Suburban,Good,No,74815,7
2989,5,3,3,Rural,Excellent,No,882044,64
2131,4,1,2,Rural,Fair,Yes,476573,97
3316,3,1,2,Rural,Poor,Yes,518304,68
1515,5,4,3,Urban,Fair,Yes,852699,56
1848,4,1,3,Downtown,Poor,Yes,854700,48
3587,3,4,2,Rural,Good,Yes,688751,104
3339,1,4,1,Rural,Poor,No,981767,8
835,4,2,2,Rural,Fair,Yes,514151,120
1395,3,3,3,Rural,Fair,No,931779,100
4046,1,1,2,Urban,Excellent,Yes,240732,87
1351,5,2,1,Downtown,Poor,Yes,246599,114
2187,5,1,2,Downtown,Fair,No,244451,27
2431,5,4,3,Downtown,Excellent,Yes,406686,112
4246,5,1,2,Rural,Good,No,746631,104
2927,2,3,3,Rural,Fair,No,378756,75
2068,4,4,3,Downtown,Excellent,Yes,188307,103
4500,4,4,2,Downtown,Fair,Yes,138757,78
3238,2,2,3,Rural,Poor,No,459633,55
3998,3,3,3,Rural,Excellent,No,934507,22
4413,3,4,1,Suburban,Poor,Yes,346753,76
1566,5,3,1,Suburban,Good,No,939217,37
4880,1,1,1,Suburban,Poor,Yes,304200,113
2944,3,3,1,Downtown,Excellent,No,597933,41
4607,1,4,3,Urban,Fair,Yes,506089,21
3873,4,2,2,Rural,Excellent,No,769918,116
4469,1,4,3,Suburban,Poor,No,374377,9
3046,4,3,3,Urban,Poor,Yes,423587,71
1253,2,3,3,Rural,Fair,No,204473,3
2582,2,4,2,Urban,Good,No,844203,117
3274,5,3,1,Downtown,Excellent,No,517667,47
3396,3,1,3,Downtown,Fair,No,522650,74
4685,5,4,3,Downtown,Fair,No,510665,124
1275,4,2,1,Suburban,Fair,No,414745,101
2125,5,4,3,Rural,Excellent,No,535820,113
3569,1,1,2,Downtown,Excellent,Yes,445158,28
917,4,1,3,Suburban,Excellent,No,725748,75
614,2,1,3,Suburban,Good,No,961656,68
1116,3,1,1,Suburban,Fair,Yes,657539,92
4474,4,1,3,Suburban,Poor,No,631330,91
3767,4,2,3,Downtown,Poor,No,890172,24
1325,1,3,2,Suburban,Fair,Yes,246945,123
2016,3,1,1,Downtown,Poor,No,621312,20
3646,2,1,1,Downtown,Good,No,728810,6
912,4,4,2,Suburban,Good,Yes,631253,67
1228,4,2,3,Downtown,Excellent,Yes,322201,56
3848,1,2,1,Rural,Excellent,No,798609,7
3308,5,3,1,Rural,Excellent,No,845415,78
1175,2,2,3,Urban,Excellent,Yes,442613,62
3965,3,4,3,Rural,Excellent,No,594283,13
3004,4,4,1,Downtown,Poor,Yes,164587,107
3467,4,3,3,Downtown,Poor,Yes,283076,59
3286,2,4,1,Rural,Excellent,Yes,796988,44
1622,5,1,3,Suburban,Good,No,520897,23
4579,4,1,3,Suburban,Poor,Yes,88886,53
2071,2,4,2,Downtown,Good,Yes,401169,10
2643,1,3,3,Suburban,Good,Yes,539788,50
2187,5,2,2,Urban,Fair,No,145149,121
4632,3,3,3,Urban,Fair,No,668308,59
4351,4,2,1,Rural,Excellent,No,576961,115
3940,2,4,1,Rural,Good,Yes,913945,5
4266,1,4,3,Suburban,Poor,No,73466,32
2826,3,1,3,Downtown,Fair,No,287626,58
3414,2,2,1,Rural,Fair,Yes,928977,57
4452,2,3,3,Urban,Good,Yes,559966,125
1095,3,4,2,Rural,Fair,No,624694,35
1228,1,3,2,Rural,Fair,No,446904,34
1865,1,1,2,Urban,Poor,Yes,643572,63
4992,5,2,2,Downtown,Good,No,810006,97
1198,4,2,2,Rural,Fair,Yes,951011,44
895,3,4,3,Rural,Good,Yes,587953,114
4671,3,2,3,Rural,Fair,No,594929,49
4860,3,4,2,Suburban,Poor,No,475716,85
3002,1,1,3,Rural,Good,No,610085,124
2319,4,2,3,Urban,Fair,No,790126,89
1217,5,4,2,Downtown,Poor,Yes,358094,81
3282,2,3,3,Downtown,Fair,No,992550,46
4077,2,4,3,Urban,Good,No,965986,78
643,3,2,3,Suburban,Fair,No,676627,102
3640,4,1,2,Urban,Good,Yes,687719,27
4991,1,2,3,Downtown,Good,No,282275,104
3438,4,2,1,Urban,Fair,No,452854,26
4136,4,4,1,Suburban,Poor,Yes,857605,115
3722,1,3,2,Downtown,Excellent,Yes,718582,7
1667,3,2,1,Suburban,Poor,Yes,231136,68
3116,4,3,2,Urban,Poor,Yes,218082,80
1562,2,4,1,Rural,Fair,Yes,303301,97
2656,1,3,1,Urban,Poor,No,592383,91
3482,5,4,1,Suburban,Poor,Yes,173554,14
3794,3,1,2,Urban,Excellent,Yes,444655,8
1656,1,3,2,Rural,Poor,Yes,962046,111
1232,5,3,3,Suburban,Excellent,Yes,809277,66
4830,5,1,2,Urban,Fair,Yes,528766,31
1453,4,3,1,Suburban,Excellent,Yes,972879,84
3039,4,1,1,Suburban,Good,Yes,663311,21
3824,4,2,2,Downtown,Good,Yes,681469,83
3801,1,4,2,Downtown,Excellent,No,272310,46
2042,1,1,2,Suburban,Good,No,857032,52
1691,3,3,3,Urban,Fair,No,838898,77
3493,4,1,1,Urban,Good,Yes,830637,62
3181,5,3,3,Urban,Excellent,Yes,549344,94
1717,2,2,3,Rural,Fair,Yes,750457,62
2040,3,1,1,Suburban,Good,No,946366,11
3736,1,2,1,Suburban,Fair,Yes,627564,124
2886,3,4,2,Rural,Excellent,Yes,493333,102
4219,3,3,2,Suburban,Good,Yes,490187,39
1888,3,3,3,Suburban,Fair,No,319072,60
2356,3,2,2,Rural,Fair,No,891741,88
1865,2,4,2,Downtown,Good,Yes,255719,95
999,4,1,1,Suburban,Fair,No,746248,11
2180,5,1,1,Rural,Fair,Yes,800385,22
1010,3,3,2,Urban,Excellent,Yes,749192,100
4812,3,2,1,Downtown,Excellent,No,166196,97
1824,3,2,2,Urban,Excellent,No,59404,59
1655,4,1,1,Suburban,Excellent,No,476855,4
2327,1,4,1,Downtown,Excellent,No,783478,48
3641,1,4,1,Rural,Excellent,Yes,503814,101
3986,2,1,1,Suburban,Good,Yes,687475,78
2310,1,1,2,Rural,Excellent,No,946881,61
3423,3,2,3,Downtown,Fair,No,601972,73
2714,3,4,1,Urban,Good,Yes,642879,59
4686,3,1,2,Suburban,Fair,Yes,431965,8
1213,2,1,2,Suburban,Excellent,Yes,783082,36
4102,3,3,1,Rural,Excellent,Yes,314826,108
4634,1,1,3,Downtown,Fair,No,161186,117
4022,4,1,1,Rural,Fair,No,817469,88
4768,4,4,2,Downtown,Fair,No,596120,39
1743,5,2,3,Suburban,Poor,Yes,591285,105
4209,1,4,2,Downtown,Poor,Yes,346784,5
1581,3,2,1,Suburban,Poor,No,520098,61
955,4,3,3,Downtown,Poor,No,90491,105
1394,1,1,2,Urban,Good,No,113043,99
1884,4,3,2,Downtown,Excellent,Yes,948607,20
2458,3,2,2,Urban,Fair,No,178568,3
3572,4,4,1,Downtown,Excellent,Yes,426394,56
2496,5,4,3,Downtown,Fair,No,647013,7
4785,5,3,1,Rural,Excellent,No,178131,82
1004,4,2,1,Rural,Good,No,95520,26
1714,1,3,1,Suburban,Poor,Yes,375063,98
2031,1,3,3,Rural,Excellent,Yes,684157,81
3940,1,1,1,Downtown,Fair,Yes,638730,109
1323,4,3,1,Rural,Excellent,Yes,835313,3
1428,1,1,1,Downtown,Good,Yes,202842,86
633,3,1,1,Urban,Good,Yes,417390,4
2605,5,4,2,Downtown,Excellent,No,752858,10
4127,3,1,1,Suburban,Poor,Yes,421831,123
2352,1,1,2,Urban,Fair,No,572485,50
4675,3,4,1,Suburban,Good,Yes,697735,23
3433,1,3,3,Suburban,Good,No,635765,50
3784,4,2,2,Suburban,Excellent,No,574532,60
4798,3,2,2,Rural,Good,Yes,915885,6
3311,4,2,2,Suburban,Good,No,500953,80
1750,4,3,2,Urban,Fair,Yes,227561,40
4012,2,1,3,Downtown,Poor,Yes,964394,39
1756,1,2,1,Suburban,Fair,Yes,907735,96
3876,5,3,2,Urban,Poor,Yes,340534,57
3986,1,1,3,Suburban,Fair,No,584535,117
4084,5,4,2,Downtown,Excellent,Yes,250123,41
1896,1,2,1,Urban,Good,No,765079,115
4137,4,1,2,Urban,Poor,No,477894,57
3830,3,2,3,Downtown,Excellent,No,531018,27
3203,3,2,1,Urban,Good,Yes,257358,35
970,2,2,3,Downtown,Good,No,866015,13
1853,5,1,1,Urban,Good,Yes,566456,60
3283,5,3,1,Urban,Fair,No,189148,38
3331,5,1,1,Downtown,Excellent,Yes,985510,95
857,4,2,2,Downtown,Excellent,Yes,196123,93
3519,5,1,3,Urban,Good,Yes,447530,87
1167,3,4,3,Urban,Poor,Yes,602958,32
4968,4,3,3,Downtown,Excellent,No,543973,80
1645,1,1,1,Rural,Fair,No,961352,89
4685,5,4,2,Downtown,Poor,Yes,60236,11
4219,5,3,1,Urban,Poor,No,85568,34
3245,1,4,3,Urban,Poor,Yes,681615,66
1039,5,3,2,Urban,Poor,Yes,305745,95
3279,1,1,2,Downtown,Excellent,No,422332,115
4636,4,4,2,Urban,Good,Yes,535119,39
4275,3,2,3,Rural,Poor,Yes,328496,5
3008,1,4,2,Suburban,Fair,Yes,700009,124
3279,2,3,2,Rural,Fair,Yes,309291,22
1424,1,1,1,Downtown,Good,Yes,488866,21
3456,5,3,1,Urban,Excellent,No,453562,99
2081,4,4,2,Downtown,Good,No,730516,27
3824,4,4,2,Suburban,Poor,No,105904,124
4985,1,2,1,Downtown,Excellent,Yes,981539,23
755,3,1,1,Urban,Excellent,Yes,958573,25
2338,2,1,1,Suburban,Poor,Yes,328252,105
2444,4,4,3,Suburban,Fair,Yes,572247,68
509,5,1,3,Urban,Poor,Yes,839285,121
3371,5,2,1,Urban,Good,Yes,396300,74
1297,3,3,2,Urban,Poor,No,316320,81
1515,4,1,1,Downtown,Fair,Yes,674747,41
2324,1,4,3,Rural,Poor,No,469136,33
4969,5,3,2,Downtown,Good,Yes,235922,106
3636,3,3,3,Downtown,Good,No,187901,65
2693,4,2,2,Rural,Fair,Yes,173225,88
723,4,4,3,Urban,Good,No,543406,106
4658,4,1,2,Urban,Good,No,810135,12
4425,4,4,2,Rural,Poor,Yes,271738,101
4500,4,3,2,Rural,Excellent,Yes,954890,124
2133,5,4,2,Downtown,Good,No,685181,5
2652,3,1,3,Suburban,Good,Yes,910359,94
1010,4,1,3,Rural,Fair,Yes,528076,100
884,2,2,2,Downtown,Fair,Yes,954610,56
904,2,1,2,Suburban,Poor,No,292726,85
2500,3,1,3,Urban,Poor,Yes,352811,5
3256,1,4,2,Urban,Good,No,771202,59
2168,1,4,2,Downtown,Excellent,No,479059,29
1960,1,3,2,Downtown,Excellent,Yes,756168,125
4136,2,2,1,Rural,Poor,No,473759,75
3224,1,4,2,Urban,Fair,Yes,515996,121
4678,5,1,1,Downtown,Good,Yes,56611,113
2548,4,3,2,Urban,Good,No,400386,107
4646,2,4,3,Urban,Excellent,No,921044,114
1216,3,2,1,Rural,Poor,No,883334,78
2323,3,2,1,Suburban,Excellent,No,821812,101
2581,4,3,2,Rural,Excellent,No,345187,69
3919,2,3,2,Downtown,Poor,Yes,186343,11
2074,1,3,1,Rural,Fair,No,909299,91
749,1,3,3,Rural,Good,Yes,389233,50
1173,5,3,3,Urban,Fair,Yes,895177,32
2665,5,1,2,Rural,Poor,No,540092,121
1270,1,1,3,Downtown,Poor,No,240191,28
4462,3,4,3,Suburban,Good,No,716933,104
4863,3,2,2,Rural,Fair,No,726769,23
2484,5,1,3,Rural,Good,No,922402,49
1577,4,1,2,Suburban,Excellent,Yes,336608,69
735,1,1,1,Downtown,Excellent,Yes,299220,79
888,5,4,2,Downtown,Excellent,Yes,486056,72
3537,5,3,1,Rural,Fair,No,692811,123
2348,1,4,1,Urban,Excellent,No,594950,2
3314,1,2,3,Rural,Good,Yes,854660,73
3874,3,2,3,Suburban,Fair,No,635009,42
3778,4,2,3,Suburban,Good,No,712746,95
1752,4,2,2,Suburban,Poor,No,843294,57
4481,1,1,3,Rural,Fair,Yes,614396,38
2622,2,1,1,Rural,Good,No,141788,22
2650,5,4,3,Downtown,Good,Yes,518239,8
1829,5,3,3,Urban,Fair,No,294437,93
1858,1,2,2,Rural,Poor,No,811299,54
2982,2,4,2,Downtown,Fair,Yes,916572,38
2517,3,1,1,Rural,Excellent,No,732561,76
1831,1,1,2,Downtown,Excellent,No,905010,42
4844,1,3,3,Downtown,Poor,No,99966,2
4761,5,3,2,Urban,Good,Yes,235846,110
1858,1,3,1,Rural,Good,No,322530,12
3677,1,4,3,Downtown,Good,No,651516,10
2628,1,1,1,Suburban,Fair,No,196297,50
2680,5,1,2,Suburban,Fair,No,459909,49
637,3,3,2,Suburban,Poor,No,384341,17
3972,3,2,1,Urban,Excellent,Yes,93021,20
3332,1,3,3,Downtown,Good,Yes,431059,87
4079,5,4,2,Urban,Excellent,No,199333,37
3531,3,3,2,Rural,Fair,No,470594,80
4664,3,3,3,Rural,Fair,Yes,953606,30
3093,3,4,2,Downtown,Fair,No,826934,38
4800,5,3,1,Suburban,Excellent,No,136755,14
4318,5,1,2,Downtown,Poor,No,979441,79
4638,1,2,2,Downtown,Poor,No,116330,82
4323,4,3,3,Downtown,Fair,No,752726,117
4542,3,4,1,Urban,Good,No,908754,22
2406,4,2,3,Rural,Excellent,No,938750,12
1260,5,4,2,Downtown,Fair,No,619601,39
3945,5,2,2,Downtown,Excellent,Yes,284729,76
1399,5,2,3,Downtown,Excellent,Yes,807071,49
4955,4,3,3,Urban,Poor,No,339176,66
3447,5,1,3,Urban,Fair,No,535179,3
2219,1,3,1,Urban,Poor,No,198430,30
780,5,4,2,Downtown,Fair,No,898142,12
3766,2,4,3,Suburban,Excellent,Yes,407470,111
2387,4,2,2,Suburban,Poor,Yes,398301,90
3766,2,2,1,Suburban,Excellent,Yes,492037,13
1166,5,1,1,Rural,Fair,Yes,78365,63
4688,1,3,1,Downtown,Good,No,325333,57
1171,3,4,1,Suburban,Poor,No,519965,40
2469,5,2,2,Suburban,Poor,No,581536,46
4656,1,1,1,Suburban,Excellent,Yes,54369,85
3622,4,4,1,Downtown,Excellent,No,506979,52
4400,2,2,3,Suburban,Good,No,975554,102
1023,2,4,1,Suburban,Poor,Yes,865037,44
2893,2,1,3,Downtown,Fair,Yes,886048,77
3617,4,1,1,Rural,Fair,Yes,497695,108
3093,1,4,1,Urban,Poor,Yes,415863,119
2468,4,3,3,Suburban,Poor,Yes,221955,122
2253,2,4,1,Urban,Poor,No,607343,36
2796,5,2,2,Rural,Good,No,774091,57
2761,3,3,2,Rural,Fair,Yes,428824,66
2786,4,2,1,Suburban,Fair,No,319594,71
4702,4,4,2,Downtown,Excellent,No,183997,110
3378,1,3,3,Rural,Excellent,No,523267,27
4643,1,2,1,Urban,Poor,No,100272,36
4144,4,4,1,Urban,Excellent,Yes,55310,44
4932,2,4,3,Urban,Good,No,81817,97
2555,3,3,3,Urban,Fair,No,558350,103
1776,1,4,3,Rural,Fair,No,536160,9
3266,2,1,1,Suburban,Excellent,Yes,487744,112
802,5,2,3,Suburban,Poor,No,790176,47
1138,1,2,3,Urban,Excellent,Yes,132641,77
555,2,4,2,Suburban,Poor,Yes,789443,93
1025,2,4,2,Urban,Good,Yes,781670,101
4623,3,1,1,Urban,Fair,Yes,589745,105
2625,3,3,2,Downtown,Good,No,92311,109
3787,5,4,2,Rural,Fair,Yes,971484,103
864,2,4,3,Rural,Good,Yes,201958,69
2146,2,4,3,Urban,Excellent,Yes,520328,19
1418,3,4,2,Rural,Good,Yes,494093,45
3297,1,2,2,Suburban,Good,Yes,697861,68
2031,1,4,2,Urban,Excellent,No,409571,112
3845,4,2,1,Downtown,Fair,Yes,872613,33
2406,3,4,1,Suburban,Fair,No,214334,106
3586,4,3,1,Downtown,Excellent,No,968451,96
2575,3,1,2,Downtown,Good,Yes,443238,107
1213,5,3,2,Rural,Good,No,837560,73
1562,2,4,1,Rural,Good,No,653810,23
2476,5,4,1,Urban,Poor,No,213394,70
1796,3,4,2,Rural,Fair,Yes,98929,49
625,2,3,3,Downtown,Good,Yes,655984,44
4096,1,4,1,Downtown,Fair,Yes,427389,103
3783,1,3,2,Suburban,Good,Yes,846240,64
2103,4,2,2,Downtown,Excellent,Yes,669436,16
566,3,1,3,Urban,Excellent,Yes,496098,93
732,3,1,2,Urban,Fair,Yes,858157,23
2656,1,3,2,Rural,Fair,No,384678,22
1669,5,2,1,Rural,Excellent,No,352094,108
2658,2,3,1,Rural,Poor,Yes,794314,53
4706,5,2,3,Urban,Excellent,No,133576,93
1993,5,4,3,Downtown,Good,Yes,70557,94
4507,1,2,2,Rural,Poor,Yes,596113,65
2972,1,2,1,Suburban,Excellent,Yes,321142,72
3160,1,2,3,Rural,Poor,No,86080,109
3239,4,1,3,Urban,Poor,Yes,833103,107
2261,5,2,3,Rural,Poor,Yes,238869,35
4014,3,4,2,Downtown,Fair,Yes,721162,56
2475,2,4,1,Rural,Excellent,Yes,978671,27
2862,4,4,3,Urban,Fair,No,543844,6
1376,3,2,1,Urban,Fair,Yes,616695,25
4312,5,3,3,Suburban,Good,No,170283,92
3948,1,3,3,Urban,Good,No,63338,42
1812,5,4,1,Suburban,Poor,Yes,650577,101
1960,2,1,1,Downtown,Poor,Yes,514736,58
3209,4,3,1,Urban,Good,No,724255,52
2824,4,2,2,Rural,Good,No,228982,52
2233,2,3,3,Downtown,Excellent,No,967461,38
2105,3,4,2,Rural,Poor,No,159367,41
3063,3,1,1,Rural,Poor,Yes,378042,115
3921,4,3,3,Rural,Good,No,970958,35
4017,4,3,2,Downtown,Excellent,No,691774,110
2897,1,4,3,Downtown,Good,No,398684,36
4235,3,1,2,Urban,Good,No,544775,65
3370,2,1,1,Rural,Fair,Yes,788497,32
1660,3,4,2,Suburban,Poor,Yes,493853,13
742,1,2,3,Urban,Excellent,Yes,830343,46
3090,4,3,3,Downtown,Fair,No,710709,119
1563,4,2,3,Suburban,Poor,No,961848,110
4824,1,3,3,Downtown,Good,Yes,876395,27
3095,2,3,1,Suburban,Excellent,Yes,450966,4
1419,4,2,2,Urban,Poor,No,407073,110
505,5,4,1,Suburban,Good,Yes,727823,86
967,4,4,1,Urban,Fair,No,649223,114
4670,5,3,1,Downtown,Excellent,No,764152,91
503,1,4,3,Suburban,Poor,No,850118,13
1145,1,3,3,Rural,Fair,No,549555,105
617,4,4,3,Rural,Good,No,113528,76
3428,3,3,2,Downtown,Good,No,674099,83
3051,5,4,3,Suburban,Poor,Yes,558907,26
4789,2,1,2,Rural,Good,Yes,334931,14
1346,4,2,3,Urban,Excellent,Yes,982280,109
3262,2,1,3,Suburban,Poor,No,427757,94
1641,4,2,1,Suburban,Fair,Yes,762787,85
2310,3,2,1,Rural,Poor,No,834429,120
1223,3,3,1,Urban,Poor,No,154887,38
724,3,2,2,Urban,Fair,No,111086,99
4708,3,1,2,Urban,Good,No,938663,106
2548,1,1,3,Suburban,Fair,Yes,305494,101
4915,1,4,2,Downtown,Excellent,Yes,558889,60
2073,5,1,3,Suburban,Good,Yes,637596,117
2328,2,4,2,Suburban,Poor,No,327941,34
2417,4,2,2,Rural,Good,Yes,317446,73
4734,4,1,2,Downtown,Good,Yes,506388,65
2526,1,2,1,Urban,Excellent,Yes,612347,88
4244,4,1,2,Rural,Good,No,181980,123
1401,1,1,1,Suburban,Good,Yes,765612,42
2539,5,4,1,Downtown,Good,No,523875,56
509,2,2,2,Urban,Poor,Yes,193949,23
760,5,1,3,Urban,Good,No,326383,29
2173,3,3,3,Suburban,Fair,Yes,77313,71
2719,3,2,3,Urban,Good,Yes,92103,125
2560,3,2,2,Urban,Excellent,Yes,229480,25
4213,5,2,3,Downtown,Good,No,526467,56
2119,4,4,1,Rural,Good,Yes,138771,81
820,2,3,3,Downtown,Poor,Yes,176228,28
1842,3,2,2,Rural,Fair,No,141665,79
2876,3,1,3,Rural,Good,No,846966,47
3332,3,1,1,Rural,Fair,No,879492,17
3324,2,4,2,Urban,Excellent,No,853621,100
2494,3,1,3,Downtown,Poor,Yes,964863,5
3458,2,2,2,Urban,Fair,Yes,660355,112
2538,3,1,2,Suburban,Poor,No,847399,4
3990,5,2,2,Downtown,Good,Yes,787351,72
4177,5,1,3,Rural,Excellent,No,901995,55
1618,2,3,2,Urban,Poor,Yes,320804,80
2104,5,4,3,Urban,Good,No,430815,4
4527,2,4,1,Downtown,Fair,Yes,534091,95
735,5,3,3,Downtown,Excellent,No,179909,38
2469,5,3,1,Rural,Excellent,No,483039,67
4929,2,4,3,Rural,Fair,Yes,499058,31
2408,4,3,2,Suburban,Fair,Yes,190688,97
875,5,2,3,Rural,Excellent,Yes,125976,20
4030,3,1,2,Urban,Poor,No,807496,30
3135,4,4,1,Suburban,Excellent,Yes,229810,109
2070,2,3,3,Suburban,Fair,No,325251,112
3060,4,2,2,Suburban,Poor,Yes,766764,22
3891,1,4,1,Downtown,Good,Yes,668470,90
3465,1,3,1,Rural,Excellent,No,817441,68
4143,5,4,3,Suburban,Fair,No,928219,14
4350,5,3,1,Downtown,Good,Yes,852386,102
1372,3,4,2,Downtown,Excellent,No,329087,17
1752,4,2,1,Suburban,Excellent,No,90725,63
1814,1,2,1,Suburban,Poor,Yes,881866,8
3398,5,1,2,Urban,Fair,No,922183,35
577,4,4,1,Suburban,Good,Yes,584398,101
3121,5,1,1,Urban,Excellent,Yes,548864,67
4727,5,4,1,Suburban,Poor,No,328606,94
1100,1,3,1,Suburban,Good,Yes,391376,10
1565,1,3,2,Rural,Good,No,759441,44
2636,5,1,1,Suburban,Excellent,Yes,496015,16
2949,2,4,2,Suburban,Good,No,640855,108
2843,5,1,1,Urban,Excellent,No,532517,89
2363,5,2,1,Urban,Poor,No,756584,100
1818,3,1,1,Rural,Poor,No,439569,117
4097,3,1,1,Suburban,Good,No,892495,2
4262,3,3,2,Suburban,Excellent,Yes,163394,27
2690,2,1,2,Urban,Fair,Yes,891672,62
1492,2,4,2,Downtown,Poor,No,917784,54
3212,5,3,3,Downtown,Excellent,Yes,198940,106
2692,3,1,1,Downtown,Excellent,No,393133,72
1748,2,2,1,Urban,Excellent,No,72222,20
3554,1,1,2,Urban,Good,Yes,129794,40
4533,5,1,3,Downtown,Fair,Yes,638212,43
2497,4,1,1,Downtown,Good,No,674142,96
4187,5,3,2,Suburban,Poor,No,914945,73
2651,4,4,1,Urban,Good,No,834326,34
4518,3,2,1,Urban,Excellent,No,891081,27
3610,4,1,2,Downtown,Good,No,415130,19
2470,3,4,2,Downtown,Excellent,No,818103,63
697,1,4,1,Rural,Fair,Yes,920181,115
3126,4,3,1,Urban,Good,No,283127,95
1702,5,2,2,Rural,Good,No,554434,77
2535,3,3,1,Suburban,Good,Yes,191295,14
977,5,4,1,Rural,Excellent,No,229238,23
1754,2,4,2,Downtown,Excellent,No,89369,26
1422,3,4,1,Urban,Good,Yes,922811,32
919,4,3,1,Urban,Good,No,905824,39
2704,3,2,3,Rural,Fair,Yes,849093,107
3097,5,1,2,Rural,Fair,No,720951,114
1620,1,3,3,Suburban,Poor,Yes,383862,111
3568,3,4,3,Suburban,Fair,Yes,760595,95
1450,4,3,3,Downtown,Fair,Yes,320114,83
2836,2,4,1,Downtown,Fair,No,97922,25
2743,1,1,1,Downtown,Excellent,No,543614,89
3145,2,1,3,Rural,Fair,Yes,867187,47
2357,3,2,3,Rural,Fair,Yes,695214,97
2365,5,4,3,Urban,Good,No,69416,12
3412,5,2,1,Downtown,Excellent,No,63672,19
3353,4,2,3,Rural,Poor,No,526684,100
3728,5,1,3,Urban,Poor,No,178145,18
4219,1,3,2,Downtown,Fair,No,752356,124
3728,5,3,2,Suburban,Poor,Yes,910527,42
2871,4,2,1,Suburban,Poor,No,50064,111
3391,3,1,2,Rural,Poor,Yes,118835,10
4256,3,4,2,Urban,Fair,No,251457,122
4725,5,3,2,Suburban,Poor,Yes,973143,40
594,2,2,1,Urban,Fair,Yes,297795,76
3174,3,3,2,Urban,Good,No,454271,88
2455,5,3,1,Suburban,Good,Yes,399738,103
1293,4,4,3,Urban,Poor,Yes,996931,67
2334,5,1,2,Suburban,Good,Yes,691204,36
2616,3,4,1,Rural,Fair,Yes,956740,11
4606,4,1,2,Downtown,Good,No,918948,51
3825,5,3,3,Downtown,Poor,Yes,901098,98
3419,1,2,1,Rural,Fair,No,245346,6
3097,4,4,1,Suburban,Excellent,Yes,954726,60
3705,1,1,1,Suburban,Fair,No,323010,3
1314,2,3,3,Suburban,Good,No,53889,118
845,4,1,3,Suburban,Excellent,No,168194,97
2849,1,1,3,Rural,Fair,Yes,174714,115
862,3,1,1,Downtown,Excellent,No,605623,25
2943,3,3,3,Urban,Excellent,No,100547,108
2765,2,2,2,Urban,Excellent,Yes,207234,71
2688,4,2,3,Downtown,Fair,No,794809,76
3505,4,2,1,Rural,Good,Yes,730047,112
3781,4,1,2,Urban,Fair,Yes,935188,8
1484,2,3,3,Downtown,Good,No,323139,52
2139,4,1,2,Rural,Fair,Yes,499704,27
1327,3,2,2,Urban,Fair,Yes,52631,117
3230,1,2,1,Suburban,Fair,Yes,187039,27
4031,3,3,2,Suburban,Good,No,924726,115
4951,3,1,2,Rural,Fair,Yes,399422,63
3435,1,4,1,Suburban,Excellent,Yes,638759,18
4376,3,4,1,Rural,Fair,Yes,349260,50
626,2,2,1,Downtown,Excellent,No,928548,59
3677,1,3,2,Downtown,Poor,Yes,477443,73
3556,3,1,2,Urban,Poor,No,707302,87
1103,5,1,2,Rural,Good,Yes,621952,48
3949,3,2,1,Urban,Good,No,733429,70
4646,2,2,3,Urban,Poor,No,137342,98
4033,4,1,2,Downtown,Fair,No,64407,51
3867,3,1,3,Urban,Fair,Yes,163926,87
3868,4,2,1,Suburban,Fair,Yes,371345,101
4297,5,1,2,Urban,Poor,Yes,916525,105
2292,3,4,3,Rural,Excellent,No,497564,116
3361,1,2,2,Suburban,Good,Yes,787341,83
3976,4,1,2,Downtown,Excellent,Yes,592166,111
3917,5,2,2,Rural,Poor,No,133100,43
2145,1,3,3,Suburban,Excellent,Yes,915061,78
1705,1,2,1,Rural,Fair,Yes,498636,40
3530,1,2,2,Suburban,Fair,No,544308,105
3372,1,3,1,Rural,Excellent,No,273059,66
3572,3,4,1,Rural,Poor,Yes,617456,10
2354,3,1,3,Suburban,Excellent,No,300396,18
4521,3,3,3,Downtown,Fair,Yes,824769,30
3208,5,2,1,Downtown,Fair,Yes,367006,76
4002,5,1,2,Rural,Poor,Yes,78004,103
1832,5,3,3,Rural,Excellent,Yes,856903,113
701,2,1,2,Downtown,Fair,Yes,574252,57
4007,5,1,2,Downtown,Fair,No,666108,122
4712,3,3,2,Urban,Excellent,No,241239,34
1074,3,1,1,Downtown,Excellent,Yes,676517,48
1036,2,4,2,Rural,Good,No,527044,54
2125,2,3,1,Suburban,Poor,No,901740,117
2622,5,4,1,Downtown,Poor,Yes,396113,5
885,4,2,2,Urban,Excellent,No,64568,11
3781,2,1,2,Urban,Poor,No,583754,91
974,1,2,2,Urban,Fair,Yes,272129,25
917,3,2,2,Suburban,Excellent,Yes,631612,105
4100,1,1,1,Downtown,Excellent,Yes,938640,68
1454,3,3,2,Downtown,Excellent,Yes,196539,108
1705,3,1,2,Downtown,Good,Yes,650243,29
4620,2,2,1,Suburban,Poor,Yes,197748,54
2490,2,2,3,Suburban,Good,Yes,144791,11
4072,1,3,3,Rural,Fair,No,736874,13
4880,3,1,1,Urban,Poor,Yes,945150,45
4658,1,2,3,Urban,Good,No,596938,83
3213,4,4,1,Downtown,Excellent,No,400434,31
2703,1,2,2,Suburban,Good,Yes,127701,28
3620,5,2,2,Suburban,Excellent,No,847115,120
1466,1,3,3,Downtown,Good,No,279164,40
3932,5,4,2,Downtown,Good,No,503035,48
1188,5,2,3,Rural,Good,Yes,655266,59
4743,5,2,3,Urban,Excellent,No,579148,114
4201,4,4,2,Urban,Good,No,709089,26
841,1,1,2,Urban,Poor,Yes,605639,114
2224,1,1,3,Rural,Poor,No,555920,17
4922,4,2,2,Downtown,Poor,No,374888,60
2292,3,2,1,Downtown,Excellent,No,729706,124
2259,2,1,2,Urban,Excellent,No,956630,111
3712,1,3,2,Urban,Poor,No,910587,103
1489,2,4,1,Rural,Poor,Yes,171449,97
2762,4,4,2,Suburban,Poor,No,650988,45
2982,3,3,2,Suburban,Fair,Yes,809774,30
1451,3,3,3,Urban,Poor,No,843387,119
1222,3,3,2,Rural,Good,Yes,307571,32
3889,4,3,2,Urban,Fair,Yes,513506,98
2579,5,3,1,Suburban,Fair,Yes,487509,112
3217,5,3,3,Urban,Excellent,No,766696,82
2832,2,4,3,Suburban,Good,No,858094,96
3876,5,3,3,Suburban,Excellent,No,580696,45
2000,5,1,2,Suburban,Excellent,No,745763,94
785,3,3,3,Downtown,Good,No,313369,16
3995,3,3,1,Downtown,Excellent,Yes,979700,56
2565,2,4,3,Urban,Good,Yes,513002,11
1268,1,4,1,Suburban,Good,Yes,196444,38
3557,2,3,3,Downtown,Excellent,No,831608,120
4789,2,4,3,Urban,Poor,No,591567,99
2661,4,2,1,Urban,Excellent,Yes,160401,44
3793,4,4,3,Urban,Fair,No,276801,38
1446,2,4,3,Urban,Excellent,No,821668,25
3835,2,4,3,Urban,Good,Yes,553575,6
4650,2,4,2,Rural,Fair,Yes,928836,102
1981,5,1,1,Suburban,Good,No,219259,24
2401,4,1,3,Urban,Poor,No,297145,92
3951,2,1,1,Rural,Poor,Yes,360625,86
4564,3,3,1,Suburban,Fair,No,733835,79
554,3,3,1,Downtown,Poor,Yes,94552,47
2323,5,2,3,Urban,Poor,Yes,249041,51
3962,5,1,3,Rural,Excellent,Yes,257606,40
3579,1,3,1,Downtown,Excellent,No,804965,8
1332,1,4,2,Rural,Poor,Yes,836157,102
4908,1,4,1,Suburban,Poor,Yes,450074,61
3306,5,1,2,Suburban,Excellent,No,779846,108
2990,5,2,1,Downtown,Poor,Yes,124474,82
827,5,2,1,Rural,Poor,No,337312,50
3810,3,4,1,Urban,Good,No,606387,69
3800,5,2,3,Urban,Poor,No,252252,19
4175,3,1,2,Downtown,Fair,Yes,814742,98
3554,1,4,2,Downtown,Good,Yes,373599,22
2643,1,3,1,Downtown,Fair,No,628528,2
1811,1,3,3,Rural,Poor,No,386940,55
3691,2,2,3,Urban,Excellent,No,891024,103
3038,2,4,2,Urban,Good,Yes,835034,41
4483,4,4,3,Urban,Excellent,No,434325,92
664,4,3,2,Downtown,Good,No,302051,115
4777,4,4,2,Urban,Excellent,No,151611,40
1322,2,4,2,Suburban,Good,Yes,632334,20
1443,2,4,3,Downtown,Good,No,824756,91
4925,4,2,2,Urban,Fair,Yes,66488,10
1274,4,4,2,Rural,Excellent,Yes,239913,33
2698,5,1,1,Downtown,Fair,No,430665,84
3656,4,2,2,Suburban,Fair,No,967899,98
4742,5,4,2,Suburban,Excellent,No,758029,3
4195,3,4,1,Rural,Good,Yes,716205,44
3952,2,1,1,Rural,Fair,Yes,741419,48
1414,4,2,3,Downtown,Excellent,Yes,68394,44
1808,2,3,2,Downtown,Good,No,930425,34
4677,2,3,3,Suburban,Fair,Yes,226978,102
1013,2,2,3,Rural,Fair,No,109332,118
2420,3,4,1,Downtown,Fair,No,218377,20
4094,1,4,3,Suburban,Good,No,92628,8
1909,4,3,2,Rural,Fair,Yes,857784,17
3690,1,3,1,Suburban,Good,Yes,529898,73
4991,1,3,2,Urban,Poor,Yes,919403,54
2055,1,1,2,Rural,Fair,No,101993,122
1304,2,3,1,Downtown,Poor,Yes,220458,35
1779,5,1,2,Downtown,Excellent,Yes,939459,26
4077,2,2,1,Urban,Fair,No,500281,121
3401,2,4,2,Rural,Excellent,No,956644,29
1887,1,3,1,Suburban,Excellent,Yes,528720,77
3261,2,4,3,Downtown,Excellent,No,556357,28
3179,1,4,2,Urban,Poor,Yes,58539,96
2606,5,3,1,Urban,Good,No,182335,54
4723,4,3,2,Rural,Poor,No,456521,23
3268,1,2,2,Rural,Poor,Yes,890249,63
4453,5,1,2,Downtown,Excellent,No,991902,79
3686,4,1,1,Urban,Fair,No,290310,100
3780,3,4,3,Suburban,Good,No,256873,69
3073,1,3,3,Urban,Excellent,Yes,361251,89
3099,1,2,3,Suburban,Good,No,999656,28
4533,3,2,1,Suburban,Poor,No,536476,119
736,3,2,3,Downtown,Good,Yes,998128,86
1804,1,2,1,Urban,Good,Yes,965672,34
3930,3,2,2,Suburban,Fair,No,411799,87
1801,2,1,2,Rural,Excellent,No,630420,64
3041,4,1,3,Suburban,Good,No,962133,23
2551,4,1,1,Rural,Good,Yes,155494,34
941,4,3,2,Rural,Poor,No,889411,48
2576,2,4,1,Urban,Poor,Yes,894445,73
3680,3,2,1,Rural,Good,Yes,275997,12
3157,5,3,2,Suburban,Excellent,No,638085,24
4298,3,2,1,Rural,Good,No,101798,122
1304,1,1,2,Urban,Good,Yes,722010,20
574,4,3,2,Downtown,Fair,No,469230,44
2675,3,1,2,Suburban,Excellent,No,650709,18
4424,5,2,1,Suburban,Fair,Yes,319578,14
2589,1,2,2,Urban,Excellent,No,866460,101
540,2,4,1,Urban,Excellent,Yes,640846,119
2581,2,2,2,Urban,Excellent,No,860763,24
2122,5,1,2,Urban,Fair,Yes,117573,98
841,1,2,3,Suburban,Fair,Yes,703761,57
4552,4,4,3,Downtown,Fair,No,517508,59
2574,3,4,3,Rural,Poor,Yes,227398,18
1145,1,1,1,Rural,Fair,Yes,395123,31
4763,2,3,1,Downtown,Poor,No,840555,15
1109,5,2,2,Downtown,Poor,No,328747,20
954,5,4,2,Downtown,Poor,No,378085,4
3453,3,2,2,Urban,Good,Yes,92597,106
2208,5,2,2,Suburban,Good,Yes,768598,43
3972,5,3,1,Suburban,Good,Yes,920670,14
3469,1,4,2,Suburban,Poor,No,485935,2
3528,4,2,2,Urban,Poor,Yes,797146,115
3181,3,4,3,Suburban,Excellent,Yes,353895,22
4129,1,1,2,Urban,Poor,No,962894,59
4725,4,1,2,Suburban,Good,Yes,136978,39
3567,1,2,2,Downtown,Poor,No,329837,119
1886,1,4,1,Rural,Poor,No,532757,103
4276,5,2,3,Rural,Excellent,No,218769,65
3366,4,4,2,Urban,Poor,Yes,406668,55
3863,3,4,2,Suburban,Fair,Yes,410013,16
4624,3,3,3,Rural,Excellent,Yes,735352,92
648,4,3,2,Downtown,Poor,No,375969,20
4350,5,3,1,Downtown,Poor,No,714882,107
2558,2,2,2,Downtown,Excellent,No,442619,68
1636,1,3,1,Urban,Poor,Yes,881838,117
686,5,3,1,Urban,Good,Yes,288078,78
3354,4,1,2,Suburban,Fair,Yes,290140,11
1750,1,4,3,Downtown,Fair,Yes,717481,44
1833,3,4,1,Suburban,Good,Yes,697659,85
4693,2,3,3,Suburban,Poor,No,457435,78
4650,3,4,2,Downtown,Poor,Yes,838049,81
3211,4,1,1,Suburban,Fair,No,93016,20
2285,1,1,2,Rural,Poor,No,493888,101
1250,4,3,3,Urban,Fair,Yes,336420,10
2262,1,1,2,Suburban,Fair,No,805247,48
4420,5,4,2,Downtown,Good,Yes,384384,18
4960,2,2,1,Urban,Fair,Yes,942724,101
981,5,4,2,Urban,Poor,No,236807,107
653,5,2,2,Suburban,Poor,Yes,592247,87
2024,4,3,2,Rural,Excellent,Yes,602810,7
2620,2,2,1,Suburban,Poor,No,499303,47
2843,1,1,3,Rural,Excellent,No,453169,46
1740,1,4,3,Urban,Fair,No,76567,99
560,3,2,2,Suburban,Poor,No,503739,22
1438,1,4,1,Downtown,Good,No,112708,52
2139,4,3,2,Suburban,Good,No,176206,63
4620,5,3,3,Rural,Good,Yes,596848,58
4726,5,1,1,Rural,Fair,Yes,632678,11
4069,5,3,3,Suburban,Fair,Yes,700060,107
1752,2,2,3,Rural,Excellent,No,511365,98
4703,1,3,1,Urban,Good,Yes,357248,41
671,4,1,1,Suburban,Excellent,No,632093,3
1958,2,4,2,Rural,Excellent,Yes,286109,15
4049,3,4,2,Suburban,Poor,No,545951,48
4697,4,3,3,Suburban,Poor,Yes,336640,93
2822,4,2,1,Downtown,Good,No,788661,14
2136,4,1,1,Suburban,Fair,No,141257,116
3615,5,2,2,Downtown,Poor,No,53515,43
4590,4,1,3,Rural,Fair,No,578742,96
3504,1,3,3,Downtown,Excellent,Yes,287145,104
829,4,1,2,Downtown,Excellent,Yes,72873,123
4140,5,1,1,Downtown,Excellent,No,910352,25
4394,4,3,2,Urban,Excellent,No,325871,21
4607,3,2,2,Downtown,Good,No,702664,44
1841,3,3,2,Suburban,Excellent,Yes,643358,51
4163,5,1,2,Downtown,Poor,No,935491,78
715,1,3,1,Suburban,Excellent,No,698852,124
838,1,1,2,Downtown,Fair,Yes,278497,50
4562,2,3,1,Urban,Poor,No,691501,72
3208,5,4,2,Rural,Fair,No,755339,120
3652,4,4,3,Downtown,Fair,Yes,599753,19
2250,5,3,1,Downtown,Good,No,234972,3
2921,2,2,3,Urban,Good,No,634087,86
1209,5,1,2,Downtown,Fair,Yes,560237,18
4226,5,4,2,Suburban,Fair,No,670417,33
4142,2,2,2,Downtown,Excellent,Yes,464546,3
4493,1,1,1,Downtown,Poor,No,713662,32
988,4,4,3,Rural,Excellent,No,419432,124
546,2,4,1,Rural,Good,No,293761,53
3859,3,3,1,Downtown,Good,No,292821,15
900,1,1,2,Urban,Excellent,No,62875,124
4490,3,2,3,Rural,Poor,Yes,601507,33
3657,1,2,2,Downtown,Fair,No,872614,29
4845,4,2,1,Rural,Excellent,No,785901,52
890,4,1,2,Downtown,Good,Yes,485485,28
4353,5,2,3,Rural,Poor,Yes,391925,18
4930,3,2,2,Rural,Good,No,56457,71
1128,1,2,3,Suburban,Poor,Yes,974253,54
4732,4,3,3,Downtown,Poor,No,83064,25
3430,2,3,2,Downtown,Poor,Yes,977325,8
2021,4,1,1,Downtown,Excellent,Yes,689544,66
1326,2,1,2,Downtown,Excellent,No,934729,29
2000,1,2,1,Rural,Excellent,Yes,808947,15
3794,4,3,1,Suburban,Poor,No,259727,120
2919,4,4,2,Suburban,Poor,Yes,975168,18
1434,1,4,1,Urban,Good,Yes,210353,22
3542,4,2,1,Downtown,Fair,Yes,832351,17
4997,2,2,2,Urban,Excellent,No,286887,107
1966,4,3,2,Rural,Poor,No,475037,30
4061,3,3,2,Urban,Good,Yes,809129,99
1114,5,3,1,Downtown,Good,No,992151,125
1682,2,1,3,Suburban,Good,No,644206,19
3723,3,1,1,Suburban,Excellent,No,263057,10
3167,1,2,3,Downtown,Excellent,Yes,526015,93
630,2,1,2,Rural,Fair,No,926611,86
3483,5,3,3,Downtown,Good,Yes,387088,94
4778,5,3,2,Rural,Excellent,Yes,139142,57
4959,1,1,2,Suburban,Good,Yes,77603,109
538,1,4,3,Rural,Poor,Yes,882890,118
4459,2,2,2,Downtown,Good,Yes,120605,69
4087,4,4,3,Downtown,Fair,No,331767,84
1420,1,2,2,Downtown,Excellent,No,618728,28
3269,4,4,1,Rural,Poor,Yes,918859,117
4611,3,1,1,Rural,Excellent,No,975208,6
992,5,2,2,Rural,Poor,No,405970,39
1631,4,2,2,Suburban,Good,No,339604,91
4021,5,2,3,Urban,Good,No,264117,12
810,4,3,1,Urban,Fair,No,788165,55
1238,3,3,3,Downtown,Fair,No,516727,47
3741,1,4,2,Suburban,Poor,No,160373,73
1045,3,1,2,Rural,Fair,Yes,974069,72
2961,1,3,3,Downtown,Fair,Yes,317014,42
4846,1,2,2,Suburban,Fair,Yes,68909,12
2304,5,3,1,Downtown,Fair,No,321261,101
3712,3,1,3,Suburban,Good,No,299975,59
4310,4,3,1,Suburban,Fair,Yes,903906,2
1313,3,2,1,Urban,Good,No,668214,64
4624,5,4,1,Downtown,Good,No,487538,71
2532,1,2,3,Rural,Excellent,Yes,177463,80
4913,5,1,2,Urban,Good,Yes,151536,102
744,2,4,1,Urban,Good,Yes,856560,28
771,2,3,1,Rural,Fair,No,301981,80
4011,4,3,1,Suburban,Good,No,540533,104
2271,5,3,2,Rural,Poor,No,381145,115
1762,4,4,2,Downtown,Fair,Yes,836872,78
2924,4,2,3,Rural,Fair,Yes,230685,118
4861,2,4,2,Suburban,Fair,No,697779,87
1420,4,4,3,Rural,Excellent,Yes,979167,19
3930,2,1,3,Suburban,Fair,Yes,547275,91
4935,1,4,3,Suburban,Good,No,200619,77
4984,5,3,3,Downtown,Poor,Yes,655950,80
3124,4,2,3,Rural,Fair,Yes,810416,88
4260,2,2,1,Rural,Fair,Yes,50005,118
2550,3,2,2,Downtown,Poor,No,284152,72
4000,4,3,1,Suburban,Fair,No,319182,89
1665,1,3,3,Rural,Excellent,Yes,842846,35
875,1,3,2,Downtown,Good,No,530875,34
2533,3,3,1,Suburban,Poor,No,905938,86
645,2,3,1,Downtown,Poor,No,913018,92
4888,4,4,3,Rural,Excellent,Yes,445822,30
931,2,3,1,Downtown,Good,No,852914,47
1204,1,3,1,Urban,Excellent,Yes,804189,18
3132,2,3,1,Suburban,Good,Yes,252945,109
4994,1,3,1,Urban,Excellent,No,608236,93
1463,2,2,1,Urban,Fair,Yes,402131,79
2734,3,3,3,Suburban,Excellent,No,272873,16
2541,5,4,3,Suburban,Poor,No,272322,74
2328,3,4,1,Downtown,Poor,Yes,70875,8
2608,3,4,3,Suburban,Poor,Yes,325201,46
4568,5,1,3,Urban,Excellent,No,82400,33
1438,5,2,2,Urban,Poor,No,514674,117
1306,4,3,1,Rural,Poor,No,118607,93
1963,4,1,3,Suburban,Fair,No,923993,66
3915,3,3,3,Urban,Fair,Yes,339647,13
510,3,1,1,Rural,Good,Yes,466981,33
2368,1,1,2,Rural,Good,Yes,151096,49
1384,1,4,1,Downtown,Good,No,620900,105
4064,4,4,2,Urban,Excellent,Yes,934750,68
1889,4,1,1,Downtown,Good,Yes,311538,41
3901,1,4,1,Urban,Excellent,Yes,134335,57
4821,1,1,1,Downtown,Excellent,Yes,413133,116
1324,2,2,1,Downtown,Good,No,667300,120
2765,2,4,2,Suburban,Good,Yes,131748,6
1436,1,4,2,Downtown,Excellent,Yes,976932,11
3300,2,4,3,Suburban,Fair,Yes,736779,5
3053,5,2,1,Rural,Poor,Yes,115195,113
4345,4,1,2,Urban,Poor,No,779055,61
2296,4,3,2,Rural,Poor,No,664134,106
553,1,4,2,Urban,Fair,Yes,676692,69
1226,3,1,1,Rural,Excellent,No,351286,15
3236,1,2,3,Urban,Good,No,835608,80
3670,2,3,2,Downtown,Excellent,No,121540,118
2413,3,4,1,Urban,Excellent,No,743649,116
2096,2,2,2,Urban,Good,Yes,389092,53
2414,5,2,2,Rural,Fair,No,895383,13
2966,2,3,3,Rural,Poor,No,61755,21
3237,5,1,2,Rural,Poor,Yes,827203,59
1349,5,4,2,Suburban,Excellent,Yes,430129,115
2609,2,4,1,Suburban,Fair,Yes,658841,114
502,2,1,1,Urban,Poor,Yes,184962,116
4755,5,1,3,Urban,Fair,No,930808,101
4569,3,1,1,Downtown,Good,Yes,306760,77
1392,5,3,1,Downtown,Excellent,No,67175,77
2530,4,3,3,Urban,Excellent,No,902119,37
3660,5,4,2,Suburban,Fair,Yes,921415,115
2876,3,3,3,Urban,Poor,Yes,531503,64
2433,4,2,1,Downtown,Fair,No,800071,8
1880,1,4,3,Suburban,Good,No,729648,90
4181,1,3,2,Suburban,Poor,Yes,96629,87
1790,3,1,3,Downtown,Poor,Yes,691067,73
2140,5,2,1,Urban,Fair,Yes,228872,36
3182,2,1,1,Rural,Good,No,742727,48
1487,3,4,3,Urban,Poor,No,520970,23
1718,4,1,2,Urban,Excellent,Yes,380657,70
1855,4,3,3,Downtown,Good,No,657050,22
4765,1,3,2,Suburban,Poor,Yes,210094,125
4635,4,4,2,Downtown,Fair,No,774689,70
2060,3,1,3,Urban,Poor,No,969163,8
1918,4,4,2,Rural,Excellent,Yes,107941,122
1454,3,1,1,Rural,Good,Yes,355617,96
1483,2,2,3,Rural,Poor,Yes,760958,114
1474,1,3,2,Downtown,Excellent,No,66040,6
4633,4,4,1,Suburban,Poor,No,119806,91
4472,3,2,3,Downtown,Poor,Yes,718646,49
1413,5,2,1,Rural,Good,No,250211,74
536,1,4,1,Urban,Fair,Yes,686364,95
3887,2,4,1,Suburban,Fair,No,105916,24
2211,3,2,2,Downtown,Excellent,Yes,722960,19
3520,2,1,3,Downtown,Excellent,No,445507,39
1295,2,2,3,Suburban,Excellent,No,456339,58
4536,4,4,2,Suburban,Good,No,840243,74
3611,4,2,3,Urban,Fair,No,605564,46
1824,3,1,1,Suburban,Excellent,Yes,235217,119
817,5,3,3,Urban,Excellent,No,917481,104
2896,3,3,2,Rural,Poor,Yes,251750,33
2662,5,2,1,Rural,Poor,Yes,269854,51
3245,2,1,2,Downtown,Excellent,Yes,796403,70
2091,1,3,1,Rural,Poor,Yes,994218,29
3611,3,2,1,Rural,Poor,No,761045,68
4430,3,2,3,Urban,Poor,Yes,717554,33
2496,5,1,1,Downtown,Good,No,385206,62
1812,2,4,2,Suburban,Excellent,No,200434,3
1785,2,2,3,Downtown,Excellent,No,890931,23
4811,5,4,2,Rural,Poor,No,620569,114
2883,2,4,1,Suburban,Good,Yes,881284,119
3739,4,3,2,Downtown,Poor,No,836408,3
2639,1,4,2,Downtown,Good,Yes,827981,71
2204,3,1,1,Downtown,Excellent,No,554869,23
862,1,3,3,Downtown,Poor,No,753196,20
3104,3,3,2,Urban,Excellent,Yes,578883,64
2216,4,3,1,Downtown,Good,No,670218,14
4951,2,2,3,Rural,Fair,No,196474,36
4786,5,2,3,Rural,Good,No,311745,22
4238,4,4,3,Urban,Fair,No,770643,53
2969,1,3,2,Suburban,Excellent,No,404820,21
1056,5,3,2,Suburban,Excellent,Yes,748083,28
1325,2,1,2,Rural,Poor,No,232394,17
3308,4,4,3,Rural,Fair,No,752124,49
3219,5,1,2,Urban,Good,Yes,468127,71
4008,4,4,1,Suburban,Excellent,No,796648,7
4241,4,4,2,Suburban,Fair,Yes,855837,90
2074,2,2,2,Downtown,Good,No,108122,37
4498,3,2,3,Downtown,Fair,No,804849,102
2629,5,1,2,Downtown,Good,Yes,282661,82
2903,2,4,1,Urban,Good,No,703197,109
3829,4,3,3,Rural,Good,No,315591,124
1088,2,2,1,Urban,Good,Yes,234215,113
2512,3,3,3,Suburban,Fair,Yes,60662,95
2047,5,1,3,Rural,Fair,No,506217,33
794,3,2,2,Downtown,Poor,Yes,632570,12
2485,1,2,1,Urban,Fair,No,448115,98
3617,5,4,3,Urban,Fair,Yes,865014,66
2190,3,1,2,Downtown,Poor,No,641759,99
1636,4,4,3,Urban,Fair,Yes,697801,111
2564,5,2,3,Downtown,Good,Yes,223285,31
4955,5,1,3,Suburban,Excellent,Yes,681866,22
1507,2,2,3,Rural,Excellent,Yes,912303,47
3014,4,1,3,Suburban,Poor,Yes,657493,93
4026,1,2,3,Suburban,Fair,Yes,910513,106
1747,3,3,2,Downtown,Fair,Yes,942215,84
4402,2,3,3,Urban,Poor,Yes,284631,114
1935,3,4,1,Suburban,Excellent,Yes,133805,25
1071,1,3,2,Suburban,Good,No,174698,53
2882,1,2,1,Suburban,Fair,Yes,218902,103
1745,5,2,3,Urban,Poor,No,974570,54
2584,1,3,1,Urban,Good,Yes,60712,30
777,3,4,3,Downtown,Poor,No,393671,14
2387,4,3,3,Suburban,Poor,No,965885,112
1765,4,1,2,Rural,Poor,Yes,701176,35
1540,5,1,2,Urban,Excellent,Yes,806686,101
1417,3,1,3,Downtown,Excellent,No,568680,49
1385,3,3,2,Suburban,Poor,No,246437,7
3252,1,3,1,Rural,Fair,Yes,661473,41
521,3,3,2,Urban,Good,Yes,411995,17
3691,2,1,2,Rural,Fair,Yes,474022,95
2853,1,4,1,Urban,Excellent,No,586498,25
1186,2,2,2,Downtown,Good,Yes,86972,14
784,5,3,3,Rural,Poor,Yes,811254,4
4247,4,4,1,Suburban,Fair,Yes,346280,19
1262,5,2,3,Suburban,Fair,Yes,487513,72
2928,4,2,1,Urban,Poor,Yes,952877,121
3007,5,2,3,Suburban,Fair,No,852377,113
528,3,4,3,Rural,Excellent,No,800561,98
1406,2,4,2,Downtown,Poor,Yes,391324,83
3604,4,1,3,Urban,Fair,Yes,382597,37
4499,1,4,2,Rural,Poor,No,921836,11
3494,2,4,1,Urban,Good,Yes,980728,27
3006,1,4,3,Downtown,Poor,No,53052,79
4109,2,2,3,Urban,Fair,Yes,339416,23
4053,2,3,1,Suburban,Excellent,No,353294,55
1953,5,1,1,Suburban,Poor,No,801564,88
3856,4,3,3,Urban,Poor,Yes,198388,30
1015,4,3,1,Downtown,Fair,No,496605,59
538,2,4,2,Downtown,Excellent,Yes,712600,64
3842,3,1,1,Suburban,Excellent,No,933527,17
1386,3,3,1,Downtown,Good,Yes,380918,87
3344,1,3,3,Urban,Good,Yes,879607,89
2704,1,1,2,Rural,Fair,Yes,443781,7
1598,5,4,1,Urban,Excellent,No,66375,12
2323,2,3,2,Suburban,Excellent,Yes,599998,40
3701,1,2,2,Suburban,Good,Yes,755255,118
3655,1,3,2,Suburban,Good,Yes,828912,45
3593,2,2,3,Downtown,Fair,No,720534,74
4030,5,4,1,Urban,Excellent,Yes,419170,35
4278,1,3,3,Rural,Poor,No,530545,93
3396,5,1,1,Urban,Good,No,77597,16
3953,4,1,1,Rural,Fair,No,386433,45
4011,5,3,3,Urban,Excellent,Yes,481613,84
1488,3,4,2,Suburban,Excellent,Yes,135687,50
4616,3,4,2,Rural,Good,No,168968,14
4526,5,1,1,Urban,Fair,Yes,614562,16
4679,3,3,3,Downtown,Poor,Yes,517453,99
2182,4,4,2,Downtown,Good,No,253570,14
4463,2,1,2,Urban,Fair,No,481413,118
1433,3,2,1,Suburban,Excellent,Yes,622922,103
4098,3,3,1,Rural,Poor,No,866473,2
3733,5,2,3,Urban,Fair,Yes,974752,20
2480,4,2,1,Downtown,Poor,No,397509,13
2355,2,4,2,Rural,Fair,Yes,969707,62
3556,5,4,2,Downtown,Fair,Yes,888418,3
1292,5,4,2,Downtown,Fair,No,861802,33
1291,4,3,2,Urban,Fair,Yes,347391,12
2309,2,2,3,Downtown,Poor,Yes,960835,106
2755,4,3,3,Rural,Good,No,431688,110
4110,2,4,1,Suburban,Poor,Yes,256994,109
2107,4,2,1,Urban,Fair,Yes,830768,46
1484,5,3,1,Rural,Poor,Yes,443650,107
4176,5,3,3,Urban,Poor,No,637270,6
3880,1,1,2,Downtown,Poor,No,901612,6
1019,3,3,1,Downtown,Fair,No,682822,118
1090,4,4,2,Rural,Poor,No,739834,88
1550,1,3,1,Rural,Excellent,No,336788,88
4133,3,2,1,Suburban,Fair,Yes,612781,73
4944,4,3,1,Rural,Poor,Yes,395968,33
1459,2,1,1,Rural,Excellent,Yes,564922,21
1192,3,2,1,Urban,Poor,No,971463,26
4399,5,2,2,Downtown,Good,Yes,883721,36
4973,1,1,1,Rural,Poor,No,978647,95
3446,3,4,2,Suburban,Poor,Yes,482809,82
1026,3,2,3,Rural,Good,No,482331,66
3724,5,4,1,Downtown,Fair,Yes,816505,50
2753,4,2,2,Rural,Good,Yes,727900,7
3844,2,2,3,Urban,Fair,No,347625,109
4465,5,4,3,Downtown,Good,Yes,276577,47
2375,2,2,3,Rural,Poor,Yes,651385,53
2263,4,4,2,Urban,Poor,No,859010,87
1020,3,1,1,Downtown,Fair,Yes,980291,84
1516,2,4,1,Rural,Fair,Yes,384192,78
616,1,1,2,Urban,Excellent,No,564771,114
2933,1,2,1,Suburban,Excellent,No,233951,30
1083,5,4,2,Urban,Poor,No,191668,37
894,4,2,1,Suburban,Poor,No,503885,23
4288,5,4,3,Rural,Excellent,No,463146,108
3268,5,1,1,Urban,Excellent,Yes,229022,47
4667,5,1,2,Suburban,Fair,No,932169,30
4360,1,4,2,Downtown,Good,No,330831,120
773,1,1,3,Urban,Fair,Yes,496049,4
2513,5,2,2,Rural,Excellent,Yes,172540,18
4933,1,2,1,Downtown,Poor,Yes,741349,83
1889,4,3,1,Suburban,Excellent,Yes,866615,10
4066,5,1,3,Urban,Poor,Yes,332902,91
665,1,2,2,Urban,Poor,No,706442,28
2067,2,4,3,Rural,Poor,Yes,812301,24
1228,5,1,1,Downtown,Poor,No,670656,6
2543,5,2,3,Urban,Good,Yes,620179,72
4697,4,1,2,Urban,Excellent,No,96901,5
3996,3,4,3,Downtown,Fair,Yes,526728,64
1278,3,2,2,Urban,Poor,No,416056,57
713,4,3,2,Downtown,Poor,No,645350,44
4262,4,3,1,Downtown,Fair,No,539838,110
2076,4,1,1,Downtown,Fair,No,726923,118
2948,3,4,1,Rural,Poor,No,908440,37
3436,4,2,2,Downtown,Fair,No,445991,30
3617,1,4,3,Downtown,Fair,No,983332,36
1091,5,2,2,Suburban,Good,No,553528,10
3220,5,1,1,Suburban,Fair,No,569149,40
1213,2,2,1,Rural,Excellent,No,854406,95
1435,2,4,3,Downtown,Excellent,Yes,727748,19
4837,5,4,1,Suburban,Excellent,No,654879,116
501,1,1,1,Suburban,Poor,No,302990,70
3348,3,4,1,Urban,Excellent,Yes,330759,5
4544,3,2,3,Downtown,Good,No,72838,50
2449,1,1,2,Suburban,Excellent,No,352872,9
1417,3,2,1,Rural,Poor,Yes,690537,34
3674,4,4,3,Urban,Good,Yes,652288,56
2741,5,1,1,Urban,Excellent,No,364942,3
589,5,2,3,Downtown,Good,Yes,515992,106
2209,1,4,1,Downtown,Good,No,987126,121
2669,3,4,3,Urban,Poor,No,194608,103
4738,2,3,1,Rural,Poor,No,186772,117
3541,2,4,2,Downtown,Good,Yes,744199,68
605,3,2,1,Downtown,Excellent,No,846680,67
1386,2,1,3,Urban,Poor,No,95291,33
927,1,3,1,Urban,Good,Yes,919061,46
2395,1,4,2,Downtown,Fair,No,265963,72
816,3,4,1,Suburban,Fair,No,175612,80
1134,2,4,3,Downtown,Poor,No,591465,104
2425,1,2,3,Suburban,Excellent,No,462699,62
2556,1,3,2,Urban,Fair,No,93815,118
3644,4,2,3,Suburban,Fair,No,874965,3
2770,4,3,1,Rural,Fair,Yes,836458,106
1939,1,1,1,Urban,Excellent,No,154997,75
1052,3,2,1,Downtown,Excellent,No,110611,48
1215,5,2,3,Downtown,Poor,Yes,661530,87
4411,5,1,1,Urban,Poor,No,467876,89
2213,1,3,1,Urban,Fair,No,760463,76
3889,1,4,1,Rural,Excellent,Yes,417057,92
1607,1,1,2,Urban,Good,Yes,92082,51
4706,3,4,3,Downtown,Fair,Yes,197330,8
750,4,4,3,Rural,Poor,Yes,677901,22
2930,1,1,3,Downtown,Excellent,Yes,934747,93
2554,1,3,2,Suburban,Poor,Yes,926122,95
958,2,4,3,Urban,Poor,Yes,145220,3
707,3,1,2,Suburban,Excellent,No,589677,72
1399,1,2,2,Downtown,Fair,No,141860,82
3961,2,2,3,Suburban,Excellent,No,733045,92
3885,5,2,1,Suburban,Fair,Yes,502436,12
521,1,1,1,Downtown,Poor,No,994699,55
909,1,2,3,Downtown,Excellent,Yes,71797,4
1394,2,4,3,Urban,Good,No,948407,13
1014,3,2,2,Suburban,Fair,No,933601,8
4609,1,2,3,Rural,Good,No,820227,64
2634,5,4,2,Rural,Fair,No,640620,103
4095,1,2,3,Downtown,Excellent,Yes,810943,80
3456,5,4,1,Downtown,Good,Yes,274997,70
2060,4,2,1,Suburban,Excellent,No,506123,119
1766,4,4,3,Downtown,Fair,Yes,450404,8
2669,5,2,2,Rural,Fair,Yes,335840,37
4138,3,4,1,Urban,Fair,No,52024,65
1249,1,1,2,Urban,Fair,Yes,479201,123
3927,1,4,3,Suburban,Poor,Yes,711944,3
2427,4,2,3,Urban,Fair,Yes,403142,88
4304,5,2,1,Downtown,Good,Yes,208116,42
4202,1,3,3,Downtown,Fair,No,831627,92
2856,1,4,1,Downtown,Excellent,No,317429,13
2835,3,1,2,Downtown,Poor,Yes,506331,82
806,2,4,1,Suburban,Good,No,843802,18
4165,4,4,1,Urban,Poor,No,67903,96
2489,4,1,2,Rural,Poor,No,737859,109
1161,2,4,1,Urban,Poor,Yes,934336,67
811,1,1,1,Downtown,Excellent,Yes,859427,116
3420,3,1,3,Rural,Poor,No,417304,27
1582,3,4,2,Suburban,Poor,No,478416,42
3471,4,4,1,Downtown,Fair,Yes,662665,108
1254,3,2,2,Downtown,Excellent,No,251474,81
4630,2,2,2,Rural,Good,Yes,456782,18
852,1,3,1,Suburban,Good,No,874254,35
1402,2,3,3,Rural,Good,Yes,419556,67
4388,5,4,2,Suburban,Excellent,Yes,887654,64
658,4,1,1,Downtown,Good,Yes,930520,67
2477,3,3,2,Urban,Excellent,Yes,543301,77
1456,5,4,3,Downtown,Fair,No,402594,26
2571,3,3,3,Urban,Fair,Yes,493884,63
903,1,1,3,Urban,Excellent,No,683654,39
3279,1,4,1,Suburban,Good,Yes,422222,94
1887,1,1,1,Rural,Excellent,Yes,638141,116
3953,3,4,3,Suburban,Excellent,No,235715,115
1455,5,3,1,Downtown,Poor,No,960226,24
2212,1,2,3,Rural,Excellent,No,203405,56
1773,5,3,1,Urban,Poor,Yes,459174,3
4311,3,3,3,Urban,Fair,Yes,626730,21
3125,5,2,2,Downtown,Poor,No,464170,64
2882,3,2,3,Rural,Excellent,Yes,280755,79
1941,3,4,3,Downtown,Fair,No,583963,92
3479,4,4,1,Downtown,Poor,Yes,139590,26
2297,3,1,1,Suburban,Excellent,Yes,420714,25
4890,3,1,1,Downtown,Fair,Yes,343805,109
4509,2,3,1,Rural,Poor,No,638577,22
1894,1,2,1,Downtown,Excellent,Yes,67184,22
4781,4,1,1,Rural,Excellent,No,884395,72
1769,4,3,2,Urban,Good,No,731182,50
4214,4,2,3,Downtown,Good,Yes,505519,41
1029,2,4,3,Rural,Poor,No,257537,86
4123,3,3,3,Urban,Poor,No,841699,107
3458,1,4,2,Rural,Poor,Yes,233719,59
3414,5,1,3,Urban,Excellent,No,899246,44
4091,3,1,2,Suburban,Poor,No,872457,73
2647,2,2,2,Downtown,Excellent,Yes,171246,11
3869,3,3,2,Downtown,Poor,Yes,389749,62
1439,3,4,3,Urban,Excellent,Yes,706341,43
1025,2,2,2,Suburban,Excellent,No,879868,79
501,4,1,3,Rural,Good,No,723832,120
874,4,1,3,Suburban,Fair,Yes,200408,110
2840,1,3,1,Rural,Excellent,No,730947,54
4505,1,4,1,Rural,Poor,Yes,913624,14
3552,4,3,2,Downtown,Good,Yes,287439,108
2865,5,4,2,Urban,Poor,Yes,957023,74
2025,3,4,3,Downtown,Poor,No,396655,78
4976,5,3,2,Downtown,Excellent,No,583953,83
2146,3,2,2,Downtown,Excellent,Yes,732457,87
513,4,3,3,Rural,Fair,Yes,927709,77
2778,1,3,2,Downtown,Excellent,No,626762,13
3655,1,1,2,Rural,Excellent,Yes,777333,114
629,5,1,3,Urban,Fair,No,468401,17
4314,1,3,3,Rural,Poor,Yes,125911,116
3716,4,3,1,Rural,Fair,Yes,142643,55
3438,5,1,3,Suburban,Fair,No,866916,16
4428,3,4,1,Downtown,Fair,No,309383,71
2540,1,3,2,Downtown,Good,No,413309,125
527,2,2,3,Downtown,Poor,No,226682,77
2613,1,2,3,Downtown,Good,No,756167,90
1752,3,2,3,Suburban,Good,Yes,862267,105
4856,5,3,2,Suburban,Excellent,Yes,800639,89
2546,3,4,1,Suburban,Fair,No,146453,10
4523,2,4,2,Suburban,Fair,No,628078,102
4896,4,1,2,Downtown,Good,Yes,782320,71
3874,1,3,3,Rural,Excellent,Yes,846075,101
3966,5,4,1,Urban,Excellent,No,387990,119
3581,4,3,2,Suburban,Excellent,No,462167,20
4278,3,1,3,Rural,Poor,Yes,535320,45
1129,5,1,2,Suburban,Good,No,458449,33
769,4,1,2,Downtown,Poor,Yes,587488,32
3139,5,2,3,Downtown,Excellent,Yes,626563,55
2493,2,3,3,Rural,Excellent,No,519284,29
3391,2,1,1,Rural,Excellent,Yes,925433,55
3932,1,3,2,Rural,Fair,Yes,726651,4
1780,1,2,3,Downtown,Good,Yes,354592,102
2860,2,2,3,Downtown,Fair,No,998084,115
1075,5,1,1,Urban,Poor,Yes,665973,53
1807,2,1,1,Rural,Fair,No,464562,114
3692,1,4,3,Urban,Good,Yes,847051,91
3678,2,3,1,Suburban,Fair,Yes,679742,63
3234,2,1,3,Urban,Excellent,Yes,576054,58
2712,5,4,2,Suburban,Poor,Yes,839981,26
2852,4,3,1,Suburban,Poor,Yes,724053,34
4068,1,1,2,Urban,Excellent,No,505235,69
2155,5,4,2,Rural,Excellent,No,540674,113
2079,2,4,2,Suburban,Excellent,Yes,830644,103
2703,2,3,3,Rural,Good,No,944370,43
1890,4,4,2,Downtown,Fair,No,964105,20
2242,1,3,2,Suburban,Poor,Yes,543496,25
2425,1,3,2,Downtown,Fair,No,884760,87
1119,3,3,3,Urban,Excellent,No,520917,38
1774,1,2,2,Rural,Excellent,No,270172,46
1456,4,4,2,Urban,Fair,No,75301,29
2439,3,3,1,Suburban,Poor,Yes,619051,114
4453,3,1,3,Downtown,Good,No,201837,92
2881,2,2,2,Suburban,Fair,Yes,881219,55
1468,2,2,1,Urban,Excellent,Yes,957107,51
1816,1,4,3,Rural,Excellent,No,57425,95
1543,3,3,3,Rural,Good,Yes,325001,33
781,2,4,3,Suburban,Fair,No,233843,64
3344,4,2,3,Suburban,Good,Yes,405143,113
1558,2,3,3,Downtown,Good,No,465660,95
4793,2,1,3,Urban,Poor,No,833849,124
3032,3,3,2,Suburban,Poor,Yes,615745,23
4328,3,2,2,Downtown,Excellent,No,545496,111
1508,5,1,2,Suburban,Fair,No,785101,69
1729,4,3,2,Rural,Poor,No,443920,51
1535,3,1,1,Downtown,Excellent,No,579740,92
775,1,1,2,Downtown,Fair,Yes,161153,23
3240,4,2,3,Suburban,Excellent,Yes,875294,58
2789,4,1,2,Urban,Poor,Yes,242543,51
1739,3,4,2,Rural,Excellent,No,529274,97
625,4,2,3,Urban,Fair,Yes,330444,60
4565,3,4,2,Downtown,Fair,No,977070,110
4812,2,1,2,Urban,Excellent,No,450717,87
4368,5,4,2,Downtown,Fair,No,51845,49
1708,2,3,1,Urban,Excellent,Yes,169342,89
3749,3,1,2,Suburban,Fair,Yes,875613,45
1418,3,3,3,Urban,Excellent,Yes,500479,105
4423,2,4,3,Downtown,Excellent,Yes,811654,82
4903,1,3,2,Rural,Excellent,No,813292,2
2469,1,1,2,Rural,Good,Yes,768398,107
3293,1,3,2,Rural,Fair,Yes,298850,55
1391,3,4,3,Downtown,Poor,Yes,788650,24
4970,4,4,3,Urban,Excellent,Yes,297688,118
2533,3,4,1,Rural,Good,No,608692,49
1864,4,1,1,Rural,Poor,Yes,596852,25
628,2,4,1,Rural,Excellent,Yes,672186,60
1514,5,1,3,Suburban,Poor,Yes,330371,85
2299,4,3,1,Downtown,Good,No,570919,51
2018,1,4,2,Downtown,Poor,Yes,145259,38
4681,3,3,2,Downtown,Excellent,Yes,174451,56
1698,2,2,3,Downtown,Poor,Yes,490691,65
4373,1,3,1,Downtown,Poor,No,67215,100
2974,2,2,2,Suburban,Excellent,No,180577,55
3985,5,3,3,Urban,Good,Yes,832680,5
4549,3,1,1,Suburban,Good,Yes,121074,23
4219,3,3,2,Rural,Poor,No,989203,43
802,5,1,1,Suburban,Fair,No,682909,56
4452,3,1,3,Downtown,Poor,No,979958,19
1486,4,4,1,Suburban,Fair,No,753577,97
2363,2,1,3,Downtown,Poor,No,156759,19
4940,1,2,1,Suburban,Good,Yes,178471,23
3572,5,4,2,Downtown,Poor,Yes,858143,60
3624,4,4,3,Rural,Poor,Yes,458275,107
1827,1,3,3,Downtown,Fair,Yes,622686,58
2908,1,1,3,Suburban,Good,No,837718,68
4173,5,1,1,Rural,Fair,No,215369,56
3791,4,2,1,Suburban,Poor,No,682592,13
4533,1,3,2,Rural,Excellent,No,154959,69
1203,1,3,3,Urban,Poor,No,289317,89
1074,4,4,3,Urban,Poor,Yes,731845,65
3732,3,4,1,Urban,Fair,Yes,372111,34
3132,1,4,1,Suburban,Excellent,Yes,934235,96
4328,2,2,2,Suburban,Excellent,Yes,179745,55
3730,4,2,2,Rural,Fair,Yes,104583,53
988,1,4,1,Rural,Good,No,698365,101
1847,5,3,3,Rural,Excellent,No,494846,29
4181,2,2,2,Rural,Excellent,No,161359,61
3673,1,3,1,Downtown,Fair,No,601374,11
2167,2,3,1,Urban,Good,No,721844,120
2137,2,1,3,Downtown,Good,Yes,773983,108
4614,3,4,1,Downtown,Poor,Yes,678420,116
4053,2,1,1,Downtown,Poor,Yes,565329,34
1500,3,4,2,Downtown,Fair,No,109263,115
1350,4,4,1,Urban,Good,No,724035,29
1888,3,3,1,Downtown,Fair,No,956587,61
4212,5,4,2,Rural,Poor,No,110664,49
1867,1,3,3,Suburban,Fair,Yes,467896,25
1321,4,3,3,Rural,Fair,No,984581,42
954,4,4,2,Suburban,Excellent,Yes,956906,61
2124,5,3,2,Rural,Excellent,No,389112,74
3272,3,3,3,Rural,Excellent,Yes,970995,59
4226,1,3,3,Suburban,Poor,No,751486,44
3647,3,2,3,Urban,Fair,No,817018,21
4589,2,3,3,Downtown,Excellent,Yes,446608,48
2690,3,2,3,Rural,Excellent,Yes,505473,95
1416,4,2,2,Urban,Excellent,No,117804,35
4486,1,3,1,Downtown,Poor,Yes,874832,109
3375,3,3,3,Urban,Poor,No,479767,71
1940,1,2,3,Urban,Fair,No,864520,16
4900,1,2,1,Downtown,Fair,Yes,261087,33
1235,2,3,1,Rural,Fair,No,992969,90
4068,2,3,1,Urban,Excellent,No,491371,25
3838,4,4,1,Rural,Good,Yes,137893,100
3515,5,2,1,Rural,Poor,No,842401,73
3389,1,2,1,Rural,Excellent,No,58981,109
1461,5,4,2,Downtown,Excellent,No,464248,40
3489,4,2,1,Suburban,Fair,No,366235,101
4348,1,1,1,Rural,Fair,Yes,157154,124
1526,1,2,2,Suburban,Excellent,Yes,336552,7
4365,5,4,1,Suburban,Poor,Yes,729601,40
3363,3,1,3,Urban,Poor,No,884372,121
3001,2,3,3,Rural,Excellent,Yes,526154,122
2447,3,4,1,Rural,Good,Yes,756465,90
1677,5,4,2,Rural,Good,Yes,242122,120
511,2,3,3,Suburban,Poor,No,53657,10
4899,3,4,2,Downtown,Fair,Yes,857662,105
3864,2,2,3,Suburban,Good,Yes,986184,49
3522,1,3,1,Rural,Good,No,263766,8
3871,3,4,2,Rural,Fair,No,659019,25
3330,2,3,2,Rural,Good,No,223412,7
542,2,3,2,Suburban,Excellent,No,741310,37
1443,2,3,3,Rural,Good,No,713227,100
2890,3,1,3,Urban,Fair,No,783902,71
3045,4,4,3,Rural,Excellent,Yes,54329,87
2911,3,1,1,Downtown,Good,Yes,348009,42
1504,5,4,3,Urban,Poor,No,772300,93
520,3,2,1,Rural,Excellent,No,569897,112
906,2,2,2,Urban,Excellent,Yes,87869,70
1514,1,2,2,Rural,Poor,No,247977,26
4931,3,4,1,Downtown,Poor,No,956617,45
2338,3,3,3,Rural,Good,Yes,548185,105
3688,2,3,1,Urban,Good,No,133984,80
1214,1,1,2,Downtown,Fair,No,961604,110
4646,1,1,2,Suburban,Fair,Yes,151069,16
4354,5,2,1,Downtown,Excellent,Yes,298577,110
4919,3,1,3,Downtown,Poor,Yes,926143,6
640,1,4,3,Downtown,Poor,Yes,378396,42
1463,1,4,1,Urban,Fair,Yes,391530,97
872,4,1,1,Downtown,Excellent,No,168728,34
4135,4,1,3,Rural,Excellent,No,573846,118
3041,1,1,2,Downtown,Fair,No,969215,38
4110,5,1,1,Downtown,Fair,No,75801,123
2192,1,2,3,Rural,Fair,No,792647,37
605,2,2,3,Rural,Good,Yes,809925,107
2181,3,1,2,Suburban,Excellent,No,664997,29
4597,5,4,2,Downtown,Excellent,No,365414,60
4516,2,2,2,Urban,Excellent,No,514838,47
3136,5,4,2,Downtown,Fair,No,891967,40
2637,2,3,2,Downtown,Fair,No,305560,2
3916,3,4,1,Rural,Fair,Yes,818026,52
4945,3,1,3,Suburban,Fair,No,782119,44
4030,4,3,1,Downtown,Poor,No,66220,104
1786,2,2,1,Urban,Fair,No,325536,80
3679,4,2,1,Downtown,Good,No,528803,13
4154,2,3,1,Urban,Poor,No,445462,35
2859,4,4,1,Rural,Poor,No,332154,113
944,3,2,2,Suburban,Fair,Yes,176951,93
535,5,1,2,Downtown,Excellent,No,380502,121
1975,4,3,3,Suburban,Fair,Yes,533419,36
4457,2,1,1,Downtown,Excellent,Yes,198306,49
2298,2,3,3,Urban,Fair,No,932622,99
2345,3,2,2,Suburban,Fair,No,690083,5
1908,2,4,2,Downtown,Excellent,No,492667,48
2208,1,3,2,Rural,Excellent,Yes,959222,102
3438,5,3,1,Urban,Excellent,No,175223,59
1800,4,1,1,Suburban,Excellent,No,572886,15
1743,5,2,2,Downtown,Good,No,649493,11
4476,3,1,3,Suburban,Excellent,Yes,465000,63
3597,4,2,3,Downtown,Fair,Yes,997176,13
509,4,1,2,Urban,Fair,No,51082,32
2925,1,3,3,Rural,Good,Yes,454364,27
2160,3,1,2,Urban,Excellent,No,208566,78
3131,2,4,3,Suburban,Fair,Yes,911525,63
1572,1,2,2,Suburban,Good,No,364096,48
3725,1,2,3,Downtown,Fair,Yes,86719,114
1816,5,3,1,Urban,Good,No,98737,98
4645,5,2,2,Downtown,Good,No,502669,82
4183,5,4,2,Urban,Poor,Yes,157271,33
3773,1,1,3,Suburban,Poor,Yes,744896,83
645,2,3,2,Downtown,Excellent,Yes,231676,109
3540,4,4,2,Downtown,Poor,Yes,494049,86
1962,5,2,2,Urban,Good,Yes,981543,77
2084,2,2,1,Rural,Fair,No,642127,41
982,3,4,1,Urban,Fair,No,884363,69
3679,5,1,3,Rural,Excellent,Yes,352069,39
1749,4,1,1,Urban,Poor,No,232075,42
1130,3,3,3,Suburban,Excellent,No,492113,62
1161,3,2,1,Downtown,Good,Yes,137745,51
4003,4,4,3,Urban,Poor,No,176298,69
3352,5,1,1,Suburban,Excellent,No,667997,5
2966,1,3,1,Urban,Fair,Yes,354431,28
1487,4,2,3,Downtown,Fair,Yes,796086,52
2046,4,2,2,Urban,Excellent,No,476228,52
1149,4,3,2,Rural,Excellent,Yes,681540,19
1468,3,3,1,Downtown,Excellent,No,747143,2
3137,2,1,3,Rural,Good,Yes,421467,56
1600,1,4,2,Suburban,Good,Yes,511531,26
940,5,2,3,Suburban,Fair,Yes,789126,38
1269,5,4,2,Urban,Good,Yes,489707,50
1843,2,2,3,Rural,Good,No,270013,83
4858,4,2,1,Rural,Poor,Yes,501800,7
4229,1,4,3,Downtown,Good,Yes,849235,103
4406,5,3,2,Rural,Poor,No,230697,99
2077,5,1,1,Rural,Good,No,693107,68
4508,4,2,3,Downtown,Fair,No,929793,5
3851,2,3,2,Downtown,Excellent,No,63698,17
2849,1,2,1,Rural,Fair,Yes,65376,89
4102,2,1,3,Urban,Good,No,526870,120
1741,2,2,2,Downtown,Excellent,Yes,325261,61
1625,1,1,3,Downtown,Excellent,No,286591,120
3101,1,1,3,Rural,Excellent,Yes,481172,76
1690,5,2,1,Rural,Poor,No,98786,104
4631,5,2,1,Downtown,Fair,Yes,687293,21
4948,1,1,2,Rural,Poor,Yes,268850,38
572,3,3,1,Downtown,Excellent,No,378624,101
2414,5,4,2,Urban,Fair,Yes,737055,47
2972,3,1,3,Urban,Fair,Yes,969015,36
3546,1,2,3,Downtown,Good,Yes,889665,54
1207,5,2,2,Downtown,Poor,Yes,423166,75
2304,2,3,3,Suburban,Poor,No,465718,38
4213,1,4,1,Suburban,Good,Yes,493226,78
3064,4,1,3,Rural,Poor,Yes,142529,24
2975,3,1,1,Rural,Excellent,No,517121,56
4110,1,4,2,Downtown,Excellent,No,815784,8
4755,1,1,2,Downtown,Poor,No,489705,27
3323,5,4,3,Suburban,Good,Yes,675207,20
2235,5,2,3,Suburban,Fair,Yes,919965,61
2085,5,4,1,Downtown,Poor,No,524381,66
566,4,1,1,Urban,Fair,Yes,999453,80
3561,5,4,3,Urban,Good,No,522803,90
2928,1,3,3,Rural,Fair,Yes,536275,68
4653,5,2,2,Downtown,Good,No,772670,50
841,2,2,2,Downtown,Good,Yes,259870,88
3274,5,4,2,Rural,Excellent,No,643695,115
3317,4,1,3,Suburban,Excellent,Yes,648097,114
3161,2,3,3,Suburban,Good,No,329373,84
1732,1,2,3,Urban,Poor,Yes,994889,12
4374,1,2,2,Downtown,Excellent,Yes,616464,87
2901,3,1,3,Suburban,Good,Yes,669113,55
1994,2,1,1,Urban,Fair,No,970764,115
4711,3,3,3,Urban,Fair,Yes,147555,90
1161,2,4,3,Urban,Poor,Yes,577433,74
4383,2,1,3,Suburban,Fair,Yes,147289,95
4119,4,4,3,Suburban,Fair,No,713162,93
2368,3,3,3,Downtown,Good,Yes,838695,113
2834,4,4,1,Downtown,Fair,No,470129,108
3874,2,2,1,Urban,Fair,Yes,107788,85
1516,1,4,3,Urban,Fair,No,713515,68
4906,2,3,2,Suburban,Fair,No,706282,70
707,4,3,3,Suburban,Good,Yes,777591,102
3165,3,3,3,Downtown,Fair,No,201744,53
2993,3,4,3,Downtown,Poor,No,219598,95
1132,4,2,2,Rural,Excellent,Yes,881776,71
2602,3,1,2,Downtown,Poor,No,959251,21
3459,5,2,2,Suburban,Excellent,No,462230,116
3583,1,4,1,Urban,Poor,No,647640,66
2431,1,4,2,Rural,Excellent,No,534495,124
4219,1,1,1,Downtown,Excellent,Yes,352468,24
3062,3,4,1,Downtown,Excellent,No,557745,111
2179,3,3,2,Suburban,Excellent,No,930507,123
736,2,3,2,Rural,Good,Yes,276710,83
4943,2,3,2,Downtown,Poor,Yes,744058,95
2040,1,3,1,Urban,Excellent,No,913601,56
4443,5,3,3,Suburban,Poor,Yes,859816,59
863,2,4,2,Rural,Fair,Yes,577800,70
2868,2,1,2,Downtown,Excellent,Yes,973570,63
785,3,1,2,Downtown,Poor,Yes,736860,51
648,5,3,1,Rural,Good,Yes,173775,111
4537,1,4,1,Suburban,Poor,Yes,128743,17
2266,2,2,3,Rural,Excellent,Yes,397786,10
1512,5,2,2,Rural,Fair,Yes,441731,34
3331,5,4,1,Suburban,Poor,Yes,654146,116
3007,1,3,3,Downtown,Fair,No,629088,88
2023,5,1,2,Urban,Good,No,506356,79
3285,5,4,1,Suburban,Poor,No,674652,69
3056,5,2,2,Urban,Poor,No,555533,76
4225,2,2,2,Downtown,Good,No,314531,12
2101,1,2,1,Rural,Good,Yes,237232,55
2908,5,3,1,Urban,Good,Yes,778927,111
840,5,2,1,Downtown,Excellent,No,182871,108
3317,2,4,2,Downtown,Excellent,No,169095,44
2996,1,4,2,Rural,Poor,Yes,609836,10
2225,3,2,3,Rural,Poor,No,140450,21
2189,2,4,2,Downtown,Poor,Yes,679957,38
3767,1,2,1,Downtown,Fair,No,916603,124
4906,5,2,2,Urban,Good,Yes,483595,22
761,1,1,3,Downtown,Poor,No,357558,42
1942,1,3,3,Downtown,Good,Yes,647359,28
905,1,3,1,Urban,Excellent,No,687096,83
2690,3,1,1,Suburban,Good,No,550884,100
4937,1,1,3,Urban,Fair,Yes,128591,55
743,3,3,3,Urban,Fair,Yes,798501,88
4607,5,2,3,Rural,Good,No,316441,32
1060,3,2,1,Urban,Fair,No,683801,84
4637,5,3,3,Downtown,Fair,Yes,965100,121
3225,5,2,3,Downtown,Excellent,Yes,922911,115
1093,3,1,1,Downtown,Poor,Yes,148752,61
2326,2,2,2,Suburban,Fair,No,186080,92
3729,4,2,2,Downtown,Poor,No,267885,6
3787,1,4,3,Suburban,Good,Yes,427625,125
4573,4,4,2,Downtown,Good,No,197892,43
633,1,4,2,Urban,Fair,No,514764,124
3638,1,2,2,Rural,Good,Yes,203325,41
4419,5,3,2,Downtown,Excellent,No,472418,106
572,1,1,3,Suburban,Fair,Yes,996740,65
4994,1,2,2,Suburban,Fair,Yes,641444,39
4725,3,3,2,Rural,Fair,No,817248,105
3478,4,2,1,Downtown,Good,No,110263,38
4861,3,1,3,Urban,Good,Yes,955428,58
2485,1,2,1,Downtown,Fair,Yes,673540,114
1292,5,1,1,Downtown,Poor,Yes,168632,104
4759,3,2,3,Rural,Good,No,911287,106
594,3,1,2,Downtown,Good,Yes,66575,44
1633,2,2,1,Urban,Fair,Yes,324348,125
737,1,1,3,Suburban,Poor,Yes,61952,96
3446,5,4,2,Rural,Fair,Yes,569826,29
3030,3,2,3,Urban,Good,No,133323,102
2460,3,2,1,Suburban,Fair,No,756502,112
1548,5,3,2,Rural,Fair,Yes,214944,90
3029,1,3,2,Rural,Fair,No,734736,57
3464,2,1,3,Suburban,Poor,No,771444,51
1463,3,2,2,Suburban,Fair,No,192712,102
1036,2,1,1,Urban,Good,Yes,338581,66
4723,4,4,1,Downtown,Fair,No,177129,31
4179,1,3,1,Downtown,Poor,No,924113,71
4687,4,1,3,Downtown,Excellent,Yes,828810,49
4224,4,1,2,Downtown,Poor,Yes,582191,46
1042,4,3,2,Downtown,Fair,No,264776,102
1345,1,2,2,Urban,Excellent,No,601151,49
4103,1,1,1,Rural,Fair,Yes,355525,102
3536,5,3,2,Urban,Poor,Yes,864980,72
2994,2,2,1,Urban,Excellent,Yes,493172,100
4985,2,4,2,Urban,Excellent,Yes,585755,60
3219,5,3,1,Rural,Fair,No,370098,46
2384,5,1,2,Urban,Fair,Yes,336045,88
4638,4,4,3,Urban,Poor,No,859733,16
4849,5,2,3,Rural,Fair,No,961118,61
3701,3,2,1,Urban,Excellent,No,807902,13
3210,2,3,1,Downtown,Good,Yes,921612,51
2453,5,3,2,Suburban,Good,Yes,644191,75
4350,3,3,2,Urban,Poor,No,416099,91
1189,3,2,3,Suburban,Fair,No,983708,83
2450,3,4,2,Urban,Poor,No,594043,97
956,3,2,1,Urban,Good,No,371961,89
2630,4,1,1,Downtown,Good,No,838525,45
4476,3,2,1,Rural,Fair,Yes,306094,68
4744,4,1,1,Suburban,Excellent,Yes,512753,72
1679,4,4,1,Rural,Fair,Yes,932751,87
4785,3,3,3,Downtown,Good,No,335084,84
4065,2,3,3,Downtown,Excellent,No,749400,98
1382,3,2,1,Suburban,Poor,Yes,703002,97
899,3,3,2,Rural,Good,Yes,141544,83
1108,3,4,1,Downtown,Poor,No,658725,123
2138,2,3,3,Urban,Excellent,Yes,405113,10
2648,1,2,1,Urban,Poor,Yes,157001,116
1882,1,4,3,Urban,Good,Yes,137725,67
1903,4,1,3,Rural,Fair,No,427928,20
1319,4,2,1,Urban,Poor,No,160675,112
3792,2,1,1,Urban,Good,Yes,144266,50
1319,5,4,2,Downtown,Good,No,321380,79
919,1,2,3,Downtown,Excellent,Yes,909029,84
4719,4,2,2,Urban,Good,Yes,265196,32
3802,1,4,1,Urban,Fair,No,184974,94
2008,2,3,3,Downtown,Fair,No,673944,94
1267,2,2,2,Suburban,Poor,No,346508,84
2544,5,2,2,Rural,Poor,Yes,681359,94
2639,5,1,2,Rural,Poor,Yes,406554,100
3529,2,3,1,Downtown,Poor,Yes,201168,11
2049,4,1,1,Rural,Fair,No,193092,125
2264,1,1,1,Downtown,Excellent,Yes,632761,70
3145,3,3,3,Downtown,Poor,Yes,291472,4
4216,5,3,1,Downtown,Excellent,Yes,356297,20
4981,3,4,3,Downtown,Good,Yes,222349,124
2793,4,3,2,Suburban,Good,No,350646,45
3208,5,2,2,Urban,Poor,No,65675,96
1400,3,3,1,Urban,Good,No,991869,6
3584,4,4,2,Suburban,Excellent,Yes,168384,23
2509,1,4,1,Rural,Excellent,Yes,128229,55
741,4,4,3,Rural,Good,Yes,663337,74
2885,5,3,2,Urban,Poor,No,757508,35
4768,2,3,1,Rural,Excellent,No,401301,117
1171,1,1,2,Urban,Excellent,No,270319,104
663,3,1,2,Urban,Fair,No,679999,92
964,5,2,1,Suburban,Poor,No,684378,16
3542,2,1,2,Rural,Fair,Yes,929753,77
2942,4,2,2,Suburban,Good,No,776262,125
2855,2,4,2,Urban,Good,No,862897,53
4778,5,1,2,Urban,Fair,No,868718,42
3057,5,3,3,Urban,Poor,Yes,104795,73
1045,2,1,2,Downtown,Excellent,No,420283,43
4335,4,2,2,Downtown,Good,No,784543,26
1093,2,1,1,Downtown,Poor,No,153845,2
4304,5,4,3,Suburban,Poor,Yes,362130,86
1959,5,3,1,Urban,Good,Yes,387540,81
3993,3,2,1,Rural,Good,No,891610,58
3101,3,3,1,Suburban,Poor,No,847177,117
2944,1,3,3,Suburban,Excellent,No,828520,21
3172,5,2,1,Suburban,Fair,No,303730,104
4700,3,3,1,Rural,Good,Yes,253426,108
516,2,3,1,Urban,Fair,No,916069,50
3691,4,1,2,Downtown,Poor,Yes,972532,20
892,2,3,1,Urban,Fair,No,279333,83
924,4,3,3,Urban,Excellent,Yes,622854,87
1071,3,3,3,Suburban,Poor,Yes,880154,53
4131,1,3,2,Suburban,Excellent,No,923055,120
1620,2,2,3,Suburban,Poor,Yes,423218,43
741,2,4,3,Downtown,Excellent,No,649262,78
4397,2,1,2,Downtown,Poor,Yes,526908,15
4595,4,3,1,Downtown,Excellent,Yes,396228,119
2779,3,3,2,Urban,Poor,No,220951,46
1288,2,2,1,Suburban,Excellent,No,467983,57
1214,2,4,1,Rural,Poor,Yes,298595,110
3349,1,3,3,Urban,Excellent,Yes,953785,125
1275,1,2,2,Downtown,Good,No,678705,11
4526,3,1,3,Rural,Fair,No,904531,89
2747,3,1,3,Rural,Poor,No,229729,23
578,5,3,1,Suburban,Excellent,Yes,189570,43
4426,1,3,3,Rural,Good,No,254739,8
1355,5,4,2,Downtown,Poor,No,337251,89
2648,4,4,3,Suburban,Poor,Yes,734153,45
1531,5,3,3,Rural,Poor,No,970200,62
3771,2,2,1,Suburban,Fair,No,890271,36
4076,5,4,2,Rural,Excellent,No,663529,40
4682,3,3,3,Urban,Excellent,No,597685,64
3956,4,4,1,Urban,Poor,Yes,581992,54
4006,2,3,3,Downtown,Poor,No,852874,65
907,5,1,2,Urban,Poor,No,769148,93
3211,4,3,3,Urban,Good,No,179576,60
3588,4,1,3,Urban,Poor,No,59765,96
2168,2,4,1,Rural,Fair,No,427972,15
647,5,3,3,Rural,Excellent,No,60002,106
4827,4,4,1,Suburban,Fair,Yes,834141,66
4397,4,1,2,Rural,Poor,Yes,847822,44
2450,1,3,3,Urban,Good,Yes,225508,19
865,4,4,2,Rural,Poor,No,308446,5
2174,1,1,2,Downtown,Poor,No,527698,52
4994,5,4,3,Suburban,Poor,No,295620,102
3046,5,2,1,Suburban,Poor,Yes,580929,6
1062,5,1,2,Rural,Poor,No,476925,122
4062,3,1,2,Urban,Excellent,Yes,161119,89
2989,5,1,3,Suburban,Fair,No,482525,122
